date,open,high,low,close,volume
2011-01-03,13.6775,13.8175,13.49,13.705,289600
2011-01-04,13.6925,13.75,13.6175,13.7125,342000
2011-01-05,13.7125,14.035,13.6325,14.035,371600
2011-01-06,13.9825,14.165,13.935,14,140000
2011-01-07,14.0125,14.15,13.965,14.145,86800
2011-01-10,14.1625,14.365,14.1625,14.35,104000
2011-01-11,14.5,14.6075,14.395,14.5825,348400
2011-01-12,14.675,14.675,14.525,14.595,166800
2011-01-13,14.6075,14.7625,14.545,14.705,206400
2011-01-14,14.75,14.75,14.4425,14.445,93600
2011-01-18,14.3375,14.5,14.3225,14.5,143200
2011-01-19,14.4725,14.485,14.2575,14.3675,103200
2011-01-20,14.325,14.325,13.905,13.955,112400
2011-01-21,14.0075,14.15,13.925,14.115,652400
2011-01-24,14.125,14.355,14.125,14.335,72800
2011-01-25,14.33,14.58,14.33,14.58,351200
2011-01-26,14.6925,14.715,14.4375,14.625,388800
2011-01-27,14.65,14.935,14.61,14.825,1096400
2011-01-28,14.92,15.15,14.6425,14.7725,975600
2011-01-31,14.9225,14.9725,14.74,14.835,411200
2011-02-01,14.935,15.0075,14.8375,14.9725,512400
2011-02-02,14.9,15.185,14.8875,14.9875,483200
2011-02-03,14.9675,15.3125,14.56,15.2775,479600
2011-02-04,15.25,15.285,15.1875,15.2425,148400
2011-02-07,15.2525,15.43,15.145,15.2325,201600
2011-02-08,15.3125,15.4125,15.215,15.25,662800
2011-02-09,15.25,15.25,15.0275,15.2175,51600
2011-02-10,15.125,15.1675,15.0225,15.125,80800
2011-02-11,15.125,15.1525,14.975,15.09,128800
2011-02-14,15.0225,15.14,15.0225,15.125,78400
2011-02-15,15.1725,15.245,15.005,15.045,136800
2011-02-16,15.1125,15.2275,15.075,15.18,170000
2011-02-17,15.22,15.25,15.085,15.23,306800
2011-02-18,15.2375,15.6325,15.08,15.625,604000
2011-02-22,15.3125,16.1225,15.1475,15.24,647600
2011-02-23,15.0725,15.36,14.875,14.995,1006400
2011-02-24,15,15.0175,14.8525,14.9025,264400
2011-02-25,14.9375,15.5075,14.9,15.47,1140000
2011-02-28,15.4325,16.625,15.095,15.59,866800
2011-03-01,15.63,15.665,15.04,15.51,926000
2011-03-02,15.5,15.73,15.465,15.675,286000
2011-03-03,15.7625,16.1125,15.5125,15.6125,366000
2011-03-04,15.5975,15.7475,15.5375,15.6625,175200
2011-03-07,15.6675,15.92,15.59,15.7175,419600
2011-03-08,15.7475,15.8375,15.665,15.665,210000
2011-03-09,15.8125,16.8125,15.8125,16.4225,1517600
2011-03-10,16.3175,16.405,16.0025,16.3375,385600
2011-03-11,16.4675,16.9375,16.4525,16.82,534400
2011-03-14,16.8025,16.9,16.6725,16.9,778400
2011-03-15,16.6975,17.025,16.6175,16.945,364400
2011-03-16,16.9925,17.0625,16.82,16.945,606400
2011-03-17,17.0175,17.245,16.845,16.95,713600
2011-03-18,17.08,17.56,17.0525,17.56,1094800
2011-03-21,17.6,17.805,17.6,17.7375,1190000
2011-03-22,17.71,17.82,17.705,17.7725,590800
2011-03-23,17.7625,17.7725,17.475,17.5575,579200
2011-03-24,17.56,17.75,17.52,17.7425,486800
2011-03-25,17.7625,17.8125,17.69,17.745,306400
2011-03-28,17.775,17.9125,17.6425,17.8,189600
2011-03-29,17.8225,18,17.695,17.97,476800
2011-03-30,18.0275,18.105,17.93,18.105,146400
2011-03-31,18.0275,18.1025,17.9475,18,183600
2011-04-01,18.12,18.4825,18.1125,18.28,338000
2011-04-04,18.4175,18.4975,18.1975,18.2825,248800
2011-04-05,18.3175,18.445,18.1225,18.125,522400
2011-04-06,18.21,18.335,17.865,18.075,830000
2011-04-07,18.1025,18.3725,18.0025,18.205,317600
2011-04-08,18.31,18.35,17.88,17.94,288800
2011-04-11,17.92,18,17.445,17.475,555200
2011-04-12,17.3875,17.39,16.625,17.0825,608000
2011-04-13,17.0625,17.15,16.9325,17.0625,228000
2011-04-14,17.0125,17.3125,16.8075,17.185,358400
2011-04-15,17.2125,17.6525,17.1475,17.63,528400
2011-04-18,17.5325,17.8975,17.3775,17.515,436800
2011-04-19,17.46,17.6475,16.93,16.985,628400
2011-04-20,17.08,17.4125,17.08,17.3875,124800
2011-04-21,17.4075,17.655,17.4075,17.635,83600
2011-04-25,17.6725,17.725,17.46,17.595,377200
2011-04-26,17.59,17.6125,17.5,17.575,138000
2011-04-27,17.5025,17.6175,17.43,17.545,180000
2011-04-28,17.57,17.575,17.07,17.1475,303200
2011-04-29,17.1275,17.315,16.9125,17.1325,629200
2011-05-02,17.1475,17.81,17.0875,17.7025,618800
2011-05-03,17.43,18.0925,17.195,17.54,558800
2011-05-04,17.765,18.095,17.53,18.075,950400
2011-05-05,18.1525,18.655,18,18.45,1118400
2011-05-06,18.535,18.9725,18.4525,18.8525,626400
2011-05-09,18.91,19.13,18.8775,19.0425,556000
2011-05-10,19.01,19.335,18.9525,19.23,622800
2011-05-11,19.445,19.535,19.21,19.3475,886800
2011-05-12,19.22,19.4075,19.155,19.345,515200
2011-05-13,19.38,19.4125,19.255,19.3825,449600
2011-05-16,19.355,19.3925,18.955,19.165,634000
2011-05-17,19.0525,19.87,19.0525,19.6125,1352800
2011-05-18,19.72,19.76,19,19.055,568400
2011-05-19,19.2025,19.455,18.895,18.9975,1018400
2011-05-20,18.985,19.1225,18.9825,19.07,299200
2011-05-23,18.8625,19,18.73,18.7725,398800
2011-05-24,18.98,18.98,18.4875,18.5175,623200
2011-05-25,18.615,18.615,18.4175,18.5,801200
2011-05-26,18.5,18.6875,18.2525,18.64,505600
2011-05-27,18.6425,19.295,18.6425,19.1375,562400
2011-05-31,19.2425,20.125,19.2425,19.925,2432400
2011-06-01,19.9025,20.0475,19.565,19.6,880800
2011-06-02,19.58,19.9125,19.58,19.67,533600
2011-06-03,19.5225,19.58,19.24,19.3775,508400
2011-06-06,19.3975,19.3975,18.64,18.9175,1099600
2011-06-07,18.9875,19.075,18.6925,18.7525,987600
2011-06-08,18.7675,19.0875,18.5825,18.6225,471200
2011-06-09,18.7075,18.81,18.3025,18.6525,1137600
2011-06-10,18.635,18.685,17.8775,18.38,1105200
2011-06-13,18.4525,18.5175,17.705,17.9675,1388000
2011-06-14,18.1575,18.485,18.0325,18.2,852400
2011-06-15,18.0925,18.2675,17.7525,17.9575,895600
2011-06-16,17.9825,18.12,17.655,18.035,634000
2011-06-17,18.1175,18.355,17.9675,18.2325,835200
2011-06-20,18.2,18.775,18.2,18.4625,838000
2011-06-21,18.51,18.7,18.3725,18.65,526400
2011-06-22,18.57,18.905,18.425,18.6775,1168400
2011-06-23,18.535,18.7375,18.3225,18.5725,1064000
2011-06-24,18.5875,19.0375,18.285,18.3875,9956000
2011-06-27,18.465,18.465,18.07,18.205,1197200
2011-06-28,18.205,19.085,18.09,18.925,1337000
2011-06-29,19.07,19.295,18.725,18.825,744000
2011-06-30,18.815,18.995,18.625,18.725,808200
2011-07-01,18.7,19.25,18.605,19.21,1048400
2011-07-05,19.27,19.695,19.24,19.5,1226000
2011-07-06,19.485,19.67,19.18,19.5,1257600
2011-07-07,19.61,19.995,19.61,19.835,873000
2011-07-08,19.635,19.745,19.335,19.475,327200
2011-07-11,19.335,19.37,18.46,18.62,499800
2011-07-12,18.63,18.74,18.185,18.275,711000
2011-07-13,18.4,18.745,18.13,18.265,482400
2011-07-14,18.275,18.48,17.68,17.715,417200
2011-07-15,17.76,17.915,17.425,17.505,614000
2011-07-18,17.415,17.55,17.125,17.485,1166000
2011-07-19,17.58,17.86,17.435,17.765,646600
2011-07-20,17.78,17.805,17.61,17.735,465800
2011-07-21,17.825,18.19,17.605,17.91,492600
2011-07-22,17.905,17.95,17.58,17.725,1156200
2011-07-25,18.02,18.635,16.84,18.22,2946800
2011-07-26,18,18.75,17.83,18.44,1038600
2011-07-27,18.335,18.405,17.735,18.005,1295400
2011-07-28,17.915,17.945,17.49,17.565,606600
2011-07-29,17.56,17.835,17.08,17.605,626800
2011-08-01,17.75,17.845,17.23,17.445,823000
2011-08-02,17.355,17.425,16.725,16.76,1190200
2011-08-03,16.74,17.08,16.31,16.79,1774800
2011-08-04,16.62,16.73,15.975,16.025,1570200
2011-08-05,16.185,16.205,14.28,15.78,1877200
2011-08-08,15.25,16.615,14.685,14.99,2776200
2011-08-09,15.29,16.2,14.795,16.165,1143800
2011-08-10,15.865,16.145,15.55,15.63,891400
2011-08-11,15.74,16.67,15.74,16.385,804000
2011-08-12,16.545,16.87,16.08,16.31,620400
2011-08-15,16.47,16.72,16.165,16.43,595400
2011-08-16,16.305,16.305,15.75,15.99,644600
2011-08-17,16.11,16.14,15.61,15.895,383000
2011-08-18,15.625,15.765,15.15,15.445,910800
2011-08-19,15.45,16.445,15.19,15.49,926600
2011-08-22,15.865,15.865,15.225,15.425,399400
2011-08-23,15.42,16.24,15.02,16.195,1185200
2011-08-24,16.115,16.855,16.06,16.81,934200
2011-08-25,16.905,17.18,16.705,16.84,938600
2011-08-26,16.715,16.95,16.435,16.885,618200
2011-08-29,17.065,17.5,16.3,16.99,1776800
2011-08-30,16.82,17.21,16.605,16.98,1073800
2011-08-31,17.08,17.195,16.475,16.775,875400
2011-09-01,16.72,17.08,16.15,16.22,750000
2011-09-02,15.785,16.165,15.625,15.795,685800
2011-09-06,15.4,15.57,14.865,15.055,1175400
2011-09-07,15.155,16.275,15.1,16.005,992000
2011-09-08,15.96,16.135,15.655,15.66,820200
2011-09-09,15.44,15.605,15.21,15.36,665800
2011-09-12,15.14,15.265,14.78,15.255,788200
2011-09-13,15.255,15.7,15.23,15.65,512000
2011-09-14,15.755,16.57,15.55,16.19,754600
2011-09-15,16.29,16.29,15.795,15.95,965000
2011-09-16,16.04,16.535,15.96,16.01,668800
2011-09-19,15.825,16,15.66,15.835,325600
2011-09-20,15.885,16.075,15.61,15.64,466600
2011-09-21,15.565,15.565,15.1,15.135,645400
2011-09-22,14.825,15.19,14.245,14.465,1296200
2011-09-23,14.46,14.75,14.35,14.635,698200
2011-09-26,14.705,14.94,14.38,14.935,517600
2011-09-27,15.175,15.49,15.145,15.325,746400
2011-09-28,15.305,15.505,14.955,14.995,960400
2011-09-29,15.315,15.445,14.5,14.78,740600
2011-09-30,14.57,14.69,13.85,13.86,1337800
2011-10-03,13.735,13.82,12.44,12.895,3140600
2011-10-04,12.835,13.255,12.36,13.21,1758800
2011-10-05,13.305,13.435,13.13,13.34,1281600
2011-10-06,13.305,14.31,13.285,14.265,1409000
2011-10-07,14.285,14.395,13.995,14.065,1035000
2011-10-10,14.355,14.7,14.355,14.68,893400
2011-10-11,14.525,14.795,14.42,14.67,946800
2011-10-12,14.775,14.95,14.695,14.805,564000
2011-10-13,14.755,14.755,14.34,14.63,604200
2011-10-14,14.75,14.855,14.495,14.75,686200
2011-10-17,14.615,14.75,14.395,14.44,427800
2011-10-18,14.48,14.595,14.1,14.51,721800
2011-10-19,14.555,14.82,14.465,14.55,576800
2011-10-20,14.54,14.74,14.335,14.7,281600
2011-10-21,15.025,15.5,15.025,15.435,601800
2011-10-24,15.455,16.43,15.445,16.4,1423800
2011-10-25,16.24,16.765,15.99,16.37,1309000
2011-10-26,16.625,16.65,16.335,16.585,1216800
2011-10-27,17.125,18,17.125,17.945,3107600
2011-10-28,18.085,18.46,17.67,18.335,1555800
2011-10-31,18.12,18.35,17.93,17.95,791800
2011-11-01,17.345,17.9,17.12,17.56,1062600
2011-11-02,17.97,18.875,17.775,18.145,1440200
2011-11-03,18.39,18.695,17.94,18.62,695800
2011-11-04,18.465,18.56,18.16,18.225,525000
2011-11-07,18.15,18.42,17.945,18.3,448400
2011-11-08,18.545,18.65,18,18.595,631200
2011-11-09,18.155,18.19,17.86,17.9,546600
2011-11-10,18.175,18.22,17.845,18.095,510600
2011-11-11,18.29,18.55,18.29,18.5,367600
2011-11-14,18.415,18.64,18.125,18.25,440000
2011-11-15,18.185,18.425,18.17,18.29,497400
2011-11-16,18.17,18.355,17.83,17.855,543800
2011-11-17,17.865,18.185,17.635,17.77,346000
2011-11-18,17.725,18.215,17.71,18.195,476200
2011-11-21,17.9,17.93,17.65,17.825,596800
2011-11-22,17.77,18.085,17.67,17.955,384400
2011-11-23,17.775,18.13,17.69,17.97,816400
2011-11-25,17.875,18.315,17.815,17.84,234400
2011-11-28,18.42,18.54,18.075,18.315,462400
2011-11-29,18.315,18.47,18.145,18.24,353800
2011-11-30,18.75,19.12,18.51,19,1220200
2011-12-01,19.1,19.65,18.915,19.62,831000
2011-12-02,19.82,19.87,19.09,19.135,596000
2011-12-05,19.385,19.62,19.225,19.53,1130000
2011-12-06,19.555,19.65,19.405,19.615,550200
2011-12-07,19.5,19.575,19.355,19.54,534200
2011-12-08,19.335,19.34,18.715,18.9,743400
2011-12-09,18.96,19.32,18.75,19.175,462000
2011-12-12,18.905,19.105,18.725,19.055,487000
2011-12-13,19.23,19.245,18.755,18.85,552000
2011-12-14,18.55,18.82,18.43,18.665,756200
2011-12-15,18.875,19.125,18.68,19.125,493800
2011-12-16,19.375,19.415,18.85,19.09,789200
2011-12-19,19.215,19.365,18.72,18.74,452200
2011-12-20,19.1,19.75,18.88,19.665,843000
2011-12-21,19.51,20.465,19.405,20.24,1186600
2011-12-22,20.33,20.45,20.1,20.365,659600
2011-12-23,20.38,20.695,20.38,20.625,446800
2011-12-27,20.515,20.63,20.26,20.535,569000
2011-12-28,20.44,20.75,20.44,20.5,518600
2011-12-29,20.56,20.82,20.5,20.69,506600
2011-12-30,20.625,20.71,20.42,20.62,286600
2012-01-03,21.4,21.42,20.53,20.685,946400
2012-01-04,20.66,20.815,20.51,20.64,381800
2012-01-05,20.55,20.61,20.22,20.47,650600
2012-01-06,20.55,20.585,20.34,20.43,461200
2012-01-09,20.58,20.655,20.365,20.47,410800
2012-01-10,20.545,20.81,20.545,20.76,353600
2012-01-11,20.7,21,20.7,20.8,228200
2012-01-12,20.83,21.01,20.78,20.935,291400
2012-01-13,20.765,20.955,20.545,20.89,253800
2012-01-17,21.16,21.18,20.855,20.88,605000
2012-01-18,20.91,21.03,20.75,20.95,477600
2012-01-19,20.98,21.345,20.815,21.25,447400
2012-01-20,21.225,21.355,21.055,21.32,455600
2012-01-23,21.29,21.475,21.205,21.25,220800
2012-01-24,21.18,21.48,21.155,21.45,832400
2012-01-25,21.385,21.845,21.385,21.79,813200
2012-01-26,21.865,22.07,21.85,21.93,463600
2012-01-27,21.81,22.085,21.81,21.95,270000
2012-01-30,21.735,21.97,21.68,21.77,417200
2012-01-31,21.93,22.02,21.695,21.915,406200
2012-02-01,22.15,22.265,21.955,21.985,692600
2012-02-02,21.99,22.025,21.705,21.74,422800
2012-02-03,22.05,22.125,21.715,22,822400
2012-02-06,21.93,22.25,21.93,22.055,292600
2012-02-07,22,22.03,21.765,21.895,423000
2012-02-08,21.96,22.05,21.75,21.945,432400
2012-02-09,23.025,23.645,22.87,23.62,3307600
2012-02-10,23.305,23.58,23.305,23.54,505800
2012-02-13,23.755,23.9,23.555,23.715,621800
2012-02-14,23.63,23.795,23.455,23.71,741200
2012-02-15,23.7,24.52,23.19,23.22,1145200
2012-02-16,23.35,23.355,22.93,23.105,749000
2012-02-17,23.245,23.6,23.235,23.535,692000
2012-02-21,23.61,23.745,23.34,23.36,388800
2012-02-22,23.21,23.435,23.095,23.14,535000
2012-02-23,23.135,23.22,22.995,23.12,416600
2012-02-24,23.13,23.25,23.095,23.13,320400
2012-02-27,23.12,23.18,22.855,23.065,288600
2012-02-28,22.68,23.105,22.68,22.91,304600
2012-02-29,23.04,23.1,22.625,22.63,1160000
2012-03-01,22.765,23.02,22.625,22.64,2112400
2012-03-02,22.675,22.89,22.13,22.59,1512200
2012-03-05,22.445,23.105,22.445,22.965,382000
2012-03-06,22.73,22.965,22.375,22.4,520000
2012-03-07,22.52,22.75,22.405,22.63,370400
2012-03-08,22.825,23.025,22.825,22.91,486200
2012-03-09,22.97,23.37,22.97,23.175,943600
2012-03-12,23.105,23.49,23.05,23.18,465800
2012-03-13,23.425,23.545,23.27,23.43,555200
2012-03-14,23.34,23.38,23.08,23.185,430400
2012-03-15,23.175,23.63,23.055,23.32,681400
2012-03-16,23.395,23.585,23.285,23.285,1065200
2012-03-19,23.08,23.49,23.08,23.39,243200
2012-03-20,23.23,23.25,23.08,23.08,171400
2012-03-21,23.15,23.25,23.06,23.095,180600
2012-03-22,22.965,23.27,22.785,23.27,281200
2012-03-23,23.31,23.64,23.245,23.55,724400
2012-03-26,23.735,23.955,23.61,23.705,512800
2012-03-27,23.785,23.845,23.475,23.575,591200
2012-03-28,23.555,23.63,23.395,23.495,618200
2012-03-29,23.38,23.57,23.22,23.465,729600
2012-03-30,23.63,23.65,23.38,23.385,532800
2012-04-02,23.345,23.37,23.14,23.25,514800
2012-04-03,23.25,23.37,22.945,22.975,475600
2012-04-04,22.77,22.87,22.66,22.84,375400
2012-04-05,22.73,23.075,22.73,23.035,215600
2012-04-09,22.75,22.97,22.75,22.825,360800
2012-04-10,22.83,22.905,22.5,22.55,610400
2012-04-11,22.75,22.755,22.38,22.515,401600
2012-04-12,22.5,22.705,22.47,22.52,292000
2012-04-13,22.45,22.47,22.25,22.4,248600
2012-04-16,22.42,22.635,22.23,22.535,251200
2012-04-17,22.5,22.855,22.47,22.77,467600
2012-04-18,22.73,22.965,22.68,22.875,348800
2012-04-19,22.87,23.025,22.83,22.99,332800
2012-04-20,23.29,23.29,22.915,23.005,346000
2012-04-23,22.74,22.915,22.545,22.75,307800
2012-04-24,22.785,22.955,22.645,22.955,330600
2012-04-25,23.125,24.055,23.125,23.995,1701200
2012-04-26,23.94,24,23.6,23.72,985400
2012-04-27,23.845,24.025,23.635,23.96,789400
2012-04-30,23.95,24.04,23.845,23.955,384600
2012-05-01,23.91,24.15,23.71,23.71,533200
2012-05-02,23.565,24.36,23.475,24.2,595200
2012-05-03,24.135,24.47,24.025,24.065,478200
2012-05-04,23.98,23.98,23.555,23.7,377200
2012-05-07,23.6,23.89,23.345,23.825,583800
2012-05-08,23.665,23.8,23.275,23.585,575200
2012-05-09,23.365,23.6,23.275,23.435,474200
2012-05-10,23.59,23.82,23.43,23.515,490000
2012-05-11,23.415,23.805,23.405,23.555,306800
2012-05-14,23.42,23.475,23.17,23.225,574200
2012-05-15,23.175,23.545,23.12,23.17,354000
2012-05-16,23.23,23.295,23.08,23.105,450400
2012-05-17,23.105,23.135,22.235,22.24,739000
2012-05-18,22.205,22.525,21.925,22.035,757600
2012-05-21,22.035,22.25,21.925,22.03,975000
2012-05-22,22.01,22.135,21.7,21.845,847800
2012-05-23,21.785,22.25,21.565,22.24,1389400
2012-05-24,22.065,22.475,21.94,22.465,722800
2012-05-25,22.39,22.805,22.345,22.635,527200
2012-05-29,22.81,23.05,22.665,22.915,414400
2012-05-30,22.75,22.81,22.43,22.65,1044800
2012-05-31,22.665,22.905,22.435,22.815,885000
2012-06-01,21.835,22.78,21.835,22.035,1400200
2012-06-04,22.11,22.315,21.9,22.3,516200
2012-06-05,22.37,23.855,22.28,23.78,1574000
2012-06-06,24.02,24.845,23.715,24.775,1894800
2012-06-07,25.125,25.385,24.545,24.66,837400
2012-06-08,24.605,24.995,24.4,24.865,598800
2012-06-11,25.09,25.155,24.505,24.505,512800
2012-06-12,24.66,25.355,24.5,25.295,1400400
2012-06-13,25.17,25.305,24.885,24.975,930400
2012-06-14,25.005,25.385,24.9,25.09,1282400
2012-06-15,25.02,25.525,25.02,25.3,1411200
2012-06-18,25.215,25.665,25.08,25.48,1228200
2012-06-19,25.62,25.78,25.54,25.615,1115400
2012-06-20,25.715,25.77,25.47,25.65,711800
2012-06-21,25.61,25.715,25.36,25.39,567000
2012-06-22,25.525,25.635,25.15,25.36,1138200
2012-06-25,25.08,25.945,25.05,25.78,1694000
2012-06-26,25.775,26.43,25.76,26.14,1183200
2012-06-27,26.115,26.625,26.095,26.495,925600
2012-06-28,26.36,26.585,26.11,26.555,788800
2012-06-29,27,27.115,26.7,27.09,871200
2012-07-02,27.225,27.535,27.08,27.245,923000
2012-07-03,27.315,27.385,27.14,27.215,287800
2012-07-05,27.24,27.455,27.065,27.145,346800
2012-07-06,27,27.22,26.81,26.96,542400
2012-07-09,26.99,27,26.785,26.925,378200
2012-07-10,26.965,27,26.455,26.57,566800
2012-07-11,26.645,26.73,26.31,26.555,461200
2012-07-12,26.39,26.645,26.255,26.505,428800
2012-07-13,26.52,26.82,26.52,26.63,283400
2012-07-16,26.59,26.67,26.305,26.565,270000
2012-07-17,26.75,27.26,26.75,27.025,399800
2012-07-18,26.975,27.345,26.875,27.285,662200
2012-07-19,27.305,27.49,26.745,26.89,532000
2012-07-20,26.63,26.995,26.545,26.79,610000
2012-07-23,26.335,26.61,26.24,26.295,568000
2012-07-24,31.185,31.185,27.865,27.98,3547200
2012-07-25,28.3,28.365,27.93,28.08,918800
2012-07-26,28.325,28.505,28.045,28.475,708400
2012-07-27,28.51,29.015,28.465,28.955,644200
2012-07-30,28.955,29.1,28.88,29,821000
2012-07-31,29.01,29.225,28.65,28.805,400800
2012-08-01,29.105,29.21,28.905,29.01,951600
2012-08-02,28.83,29.365,28.705,29.045,813800
2012-08-03,29.25,29.5,29.14,29.375,619400
2012-08-06,29.165,29.375,28.845,28.855,514600
2012-08-07,28.935,29.06,28.76,28.785,325400
2012-08-08,28.685,28.95,28.23,28.685,420000
2012-08-09,28.73,28.835,28.38,28.77,675200
2012-08-10,28.79,28.8,28.2,28.33,412000
2012-08-13,28.195,28.39,28.075,28.335,208200
2012-08-14,28.555,28.755,27.96,28.05,528000
2012-08-15,28.085,28.215,27.965,28.02,374200
2012-08-16,28.025,28.225,27.95,28.22,626000
2012-08-17,28.21,28.73,28.21,28.66,429800
2012-08-20,28.575,28.78,28.22,28.58,394200
2012-08-21,28.59,28.765,28.03,28.08,447800
2012-08-22,28.01,28.13,27.67,27.76,589400
2012-08-23,27.64,27.66,27.325,27.51,639200
2012-08-24,27.375,27.92,26.86,27.765,922600
2012-08-27,27.775,27.985,27.485,27.59,574200
2012-08-28,27.515,27.69,27.515,27.535,701400
2012-08-29,27.575,27.655,27.315,27.47,623000
2012-08-30,27.16,27.71,26.97,27.66,428400
2012-08-31,27.75,27.77,27.385,27.615,384600
2012-09-04,27.675,28.935,27.55,28.77,1078600
2012-09-05,28.705,28.72,28.38,28.66,816800
2012-09-06,28.81,29.24,28.66,29.07,932400
2012-09-07,28.545,28.85,27.93,28.765,1365000
2012-09-10,28.39,28.685,28.16,28.35,829200
2012-09-11,28.42,28.52,28.16,28.305,360400
2012-09-12,28.425,28.81,28.425,28.575,465800
2012-09-13,28.535,29.065,28.3,29.03,815200
2012-09-14,29.2,29.365,29.045,29.245,708200
2012-09-17,29.15,29.22,28.935,29.02,552800
2012-09-18,28.815,29,28.73,28.89,368600
2012-09-19,28.87,29.295,28.78,29.165,725000
2012-09-20,28.955,29.165,28.895,29,296000
2012-09-21,29.29,29.995,29.285,29.505,1578600
2012-09-24,29.39,29.91,29.35,29.65,1691200
2012-09-25,29.68,29.81,29.535,29.605,711600
2012-09-26,29.585,29.63,28.97,29.175,494200
2012-09-27,29.19,29.495,29.025,29.215,318200
2012-09-28,29.045,29.445,28.965,29.4,314200
2012-10-01,29.45,29.75,29.14,29.745,558000
2012-10-02,29.765,30.21,29.705,29.995,792000
2012-10-03,30.06,30.385,29.85,30.37,633200
2012-10-04,30.375,30.85,30.345,30.77,705200
2012-10-05,30.915,30.985,30.55,30.725,513400
2012-10-08,30.525,30.975,30.475,30.74,772800
2012-10-09,30.67,30.955,30.52,30.725,337400
2012-10-10,30.75,30.965,30.605,30.935,414200
2012-10-11,31.04,31.11,30.785,30.86,728000
2012-10-12,30.885,31.335,30.765,31.045,448800
2012-10-15,31.075,31.165,30.96,31.12,534000
2012-10-16,31.25,32.08,31.185,31.995,1449800
2012-10-17,32.005,32.18,31.49,31.745,848200
2012-10-18,31.79,32.475,31.745,32.105,1142600
2012-10-19,32.07,32.45,31.995,32.355,726800
2012-10-22,32.185,32.365,31.935,32.315,863400
2012-10-23,32.195,32.195,30.95,31.17,1694200
2012-10-24,30.855,30.855,26.605,28.08,6343200
2012-10-25,28.625,28.67,27.115,27.355,1998000
2012-10-26,27.4,28.295,27.09,28.24,1623800
2012-10-31,28.6,28.625,27.705,28.555,1359400
2012-11-01,28.505,29.035,28.02,28.185,982600
2012-11-02,28.365,28.665,27.67,27.805,607800
2012-11-05,27.755,28.045,27.51,27.995,552600
2012-11-06,28.03,28.565,28.015,28.185,728400
2012-11-07,27.91,28.275,27.78,28.11,710000
2012-11-08,28.155,28.815,28.12,28.235,702800
2012-11-09,28.065,28.515,28.06,28.275,419000
2012-11-12,28.265,28.425,28.08,28.365,329600
2012-11-13,28.325,28.6,28.125,28.275,535800
2012-11-14,28.305,28.425,27.955,28.055,812600
2012-11-15,27.99,28.21,27.66,27.975,749800
2012-11-16,27.885,28.51,27.775,28.45,661800
2012-11-19,28.61,28.91,28.41,28.5,682200
2012-11-20,28.365,28.65,28.225,28.45,736600
2012-11-21,28.42,28.66,28.145,28.615,474800
2012-11-23,28.305,28.505,28.125,28.435,199800
2012-11-26,28.275,28.62,28.11,28.6,661200
2012-11-27,28.655,29.495,28.575,29.37,938600
2012-11-28,29.375,30.01,29.16,30,1054400
2012-11-29,30.225,30.815,30.17,30.375,839400
2012-11-30,30.46,30.785,30.285,30.74,956000
2012-12-03,30.875,31.29,30.78,30.9,1007200
2012-12-04,30.83,31.25,30.7,31.05,1134400
2012-12-05,31.1,32.16,31.1,31.68,2455800
2012-12-06,31.73,32.225,31.31,32,1382600
2012-12-07,32.165,32.465,31.71,32.425,1095800
2012-12-10,32.225,32.225,30.775,31.53,2056600
2012-12-11,31.635,31.86,31.01,31.355,1966400
2012-12-12,31.295,31.495,31.08,31.215,1001400
2012-12-13,31.055,31.395,30.065,30.1,1578800
2012-12-14,30.835,30.835,29.555,29.725,1734800
2012-12-17,29.9,30.035,29.585,29.995,2114400
2012-12-18,29.855,30.37,29.575,30.105,1560400
2012-12-19,30.215,30.85,30.02,30.075,1254200
2012-12-20,30.075,30.765,29.985,30.425,886400
2012-12-21,30.15,30.695,30.14,30.64,1069000
2012-12-24,30.795,30.945,30.695,30.775,381400
2012-12-26,30.725,30.73,29.04,29.57,2681800
2012-12-27,29.5,30.33,29.405,30.125,1073600
2012-12-28,29.94,30.61,29.94,30.44,1067000
2012-12-31,30.565,30.745,30.295,30.6,1638000
2013-01-02,30.995,31.17,30.88,31.03,1473800
2013-01-03,31.115,31.625,30.92,31,1030000
2013-01-04,31.175,31.575,31.08,31.455,1163200
2013-01-07,31.43,31.515,31,31.415,866000
2013-01-08,31.495,31.495,31.2,31.395,693000
2013-01-09,31.485,31.995,31.37,31.705,1216800
2013-01-10,31.76,31.915,31.57,31.64,836000
2013-01-11,31.715,31.885,31.425,31.485,803000
2013-01-14,31.44,31.65,31.37,31.42,653600
2013-01-15,31.365,31.505,31.13,31.39,663600
2013-01-16,31.295,31.475,31.135,31.145,590000
2013-01-17,31.265,31.455,31.05,31.08,1005000
2013-01-18,31.14,31.455,31.14,31.375,865200
2013-01-22,31.415,31.495,31.17,31.41,727200
2013-01-23,31.4,31.45,31.265,31.315,598000
2013-01-24,31.4,31.525,31.15,31.32,598000
2013-01-25,31.435,31.495,31.11,31.175,652600
2013-01-28,31.175,31.175,30.65,30.87,749800
2013-01-29,30.87,31.09,30.495,30.55,1407600
2013-01-30,30.6,31.115,30.505,30.88,1031200
2013-01-31,30.92,31.675,30.92,31.47,1192000
2013-02-01,31.485,31.59,30.92,31.365,1527800
2013-02-04,31.205,31.53,31.205,31.46,769000
2013-02-05,31.49,32.085,31.48,31.945,652600
2013-02-06,31.835,32.095,31.8,31.95,663400
2013-02-07,31.96,32.2,31.62,31.67,797200
2013-02-08,31.765,31.965,31.62,31.81,917000
2013-02-11,31.865,32.045,31.83,32.035,531800
2013-02-12,32.1,32.24,31.87,31.94,538400
2013-02-13,31.905,32.635,31.905,32.575,2361400
2013-02-14,32.565,32.75,32.415,32.5,1010200
2013-02-15,32.625,32.97,32.505,32.74,987400
2013-02-19,32.695,32.775,31.79,31.865,1933400
2013-02-20,32.615,33.98,32.06,33.45,2906600
2013-02-21,33.4,34.135,33.375,33.935,1589600
2013-02-22,34.095,34.525,33.88,34.525,1270400
2013-02-25,33.635,34.145,33.055,33.265,2884400
2013-02-26,33.265,33.625,32.92,32.94,1546600
2013-02-27,32.9,33.55,32.755,33.39,1357800
2013-02-28,33.365,33.815,33.365,33.405,1375400
2013-03-01,33.31,33.815,33.25,33.755,899200
2013-03-04,33.805,34.05,33.635,33.765,789200
2013-03-05,33.845,34.09,33.69,34.085,874400
2013-03-06,34.1,34.525,34.1,34.175,571800
2013-03-07,34.095,34.42,33.865,33.96,963600
2013-03-08,34.165,34.505,33.99,34.355,727000
2013-03-11,34.415,34.695,34.315,34.51,837200
2013-03-12,34.205,34.7,34.16,34.5,645400
2013-03-13,34.515,34.725,34.475,34.535,507000
2013-03-14,34.63,35.01,34.455,34.9,515000
2013-03-15,34.91,35.045,34.49,34.57,1058200
2013-03-18,34.435,34.72,34.435,34.5,754200
2013-03-19,34.64,34.865,34.085,34.53,636200
2013-03-20,34.72,35.35,34.6,35.13,546400
2013-03-21,35.185,35.495,34.905,35.17,439200
2013-03-22,35.155,35.565,35.155,35.34,410800
2013-03-25,35.47,35.655,35.305,35.5,433800
2013-03-26,35.685,35.96,35.355,35.59,546200
2013-03-27,35.5,35.87,35.455,35.78,570800
2013-03-28,35.94,36.34,35.815,36.24,1959200
2013-04-01,36.265,36.635,36.035,36.305,843000
2013-04-02,36.535,36.66,36.25,36.535,996200
2013-04-03,37.5,37.835,36.665,36.86,1111600
2013-04-04,37,37.05,36.63,37,513800
2013-04-05,36.685,37.1,36.625,37.055,372200
2013-04-08,37.08,37.175,36.645,36.74,541400
2013-04-09,36.825,36.935,36.45,36.59,1014600
2013-04-10,36.77,36.81,36.55,36.6,436000
2013-04-11,36.855,36.855,36.055,36.105,854000
2013-04-12,36.09,36.38,35.895,36.02,517200
2013-04-15,35.985,36.255,34.87,34.95,1006600
2013-04-16,35.2,35.31,34.995,35.23,763800
2013-04-17,35.195,35.66,34.635,35.6,745200
2013-04-18,35.705,35.845,34.995,35.075,781000
2013-04-19,35.5,36.29,35.405,35.625,1191200
2013-04-22,36.1,38.585,36.035,38.555,3362000
2013-04-23,38.77,39.015,37.37,37.465,1349000
2013-04-24,37.55,37.71,37.06,37.345,421600
2013-04-25,37.365,37.545,36.895,37.025,531600
2013-04-26,37.04,37.075,36.635,36.66,790800
2013-04-29,36.74,36.84,36.39,36.43,796200
2013-04-30,36.555,36.59,36.345,36.435,1290600
2013-05-01,36.405,36.645,36.07,36.1,759800
2013-05-02,36.175,37.29,36.175,37.165,951800
2013-05-03,37.41,37.72,37.015,37.215,981600
2013-05-06,37.31,37.46,37.02,37.38,550600
2013-05-07,37.375,38.6,37.375,38.5,874800
2013-05-08,38.45,38.59,38.14,38.26,401600
2013-05-09,38.955,39.06,38.385,38.68,626400
2013-05-10,38.85,39.035,38.63,38.96,477200
2013-05-13,39.005,39.09,38.835,38.97,311600
2013-05-14,39.04,39.68,39.01,39.595,576200
2013-05-15,39.63,39.65,38.885,39.255,489600
2013-05-16,39.405,39.825,39.13,39.335,572600
2013-05-17,39.475,39.79,39.005,39.545,612800
2013-05-20,39.73,39.81,39.33,39.67,819000
2013-05-21,39.55,40.015,39.515,39.98,679800
2013-05-22,39.93,40.31,38.855,39.29,1277400
2013-05-23,39.275,39.47,38.93,39.2,1275400
2013-05-24,39.185,39.285,38.31,38.84,1378000
2013-05-28,38.83,39.27,38.645,38.74,586400
2013-05-29,38.67,38.69,38,38.03,557600
2013-05-30,38.01,38.325,37.92,37.975,377600
2013-05-31,37.815,38.045,37.28,37.285,475000
2013-06-03,37.345,37.45,36.56,37.425,714000
2013-06-04,37.575,38.155,37.5,37.99,1607200
2013-06-05,38.02,38.14,37.615,37.85,701200
2013-06-06,37.755,38.025,37.725,37.95,563400
2013-06-07,38.21,38.24,37.875,38.025,1001000
2013-06-10,38.175,38.295,37.625,37.7,415200
2013-06-11,37.5,37.56,36.815,37.23,651200
2013-06-12,37.455,37.785,37.18,37.275,602000
2013-06-13,37.25,37.44,36.88,37.34,706800
2013-06-14,37.385,37.665,37.2,37.465,765600
2013-06-17,37.6,37.655,36.94,37.06,587000
2013-06-18,37.155,37.995,36.945,37.925,511800
2013-06-19,38,38,36.775,36.795,630600
2013-06-20,36.555,36.76,36.3,36.5,1178600
2013-06-21,36.63,36.915,35.66,35.985,1399400
2013-06-24,35.875,36.205,35.405,35.835,675600
2013-06-25,36.085,36.365,35.315,35.67,781000
2013-06-26,35.99,36.135,35.505,35.85,862400
2013-06-27,35.83,36.1,35,35.48,1194900
2013-06-28,35.52,35.87,35.06,35.16,4808200
2013-07-01,35.5,37.33,35.49,36.85,1284500
2013-07-02,37.08,37.12,36.54,36.87,840100
2013-07-03,36.63,37.13,36.63,37.03,342900
2013-07-05,37.29,37.34,36.66,37.01,398400
2013-07-08,37.1,37.3,36.77,37.1,439300
2013-07-09,37.26,37.39,36.67,36.78,494600
2013-07-10,36.84,36.91,36.04,36.68,701200
2013-07-11,37.01,37.3,36.87,37.11,639000
2013-07-12,37.09,37.46,37.02,37.46,488800
2013-07-15,37.47,37.59,37.06,37.16,681200
2013-07-16,37.13,37.13,36.17,36.35,727600
2013-07-17,36.37,36.79,36.34,36.76,732100
2013-07-18,36.86,36.86,35.64,36.04,996700
2013-07-19,36.08,36.08,35.13,35.85,1422900
2013-07-22,35.12,36.18,34.6,35.24,2758700
2013-07-23,35.34,36.44,35.25,36.18,1455900
2013-07-24,36.48,37.21,36.33,36.79,1223900
2013-07-25,36.75,36.94,36.51,36.8,948800
2013-07-26,36.72,37.64,36.72,37.54,848700
2013-07-29,37.43,37.85,37.15,37.34,896300
2013-07-30,37.38,37.55,36.6,36.86,948300
2013-07-31,36.99,37.2,36.57,36.79,990600
2013-08-01,37.03,37.52,36.95,37.15,1053900
2013-08-02,37.33,37.71,37.28,37.65,679600
2013-08-05,37.69,37.9,37.34,37.46,610600
2013-08-06,37.5,37.53,36.18,36.51,861200
2013-08-07,36.46,36.46,36.03,36.23,613200
2013-08-08,36.24,36.53,35.72,36.2,493800
2013-08-09,36.13,36.4,35.93,35.94,566700
2013-08-12,35.94,36.06,35.66,35.73,335100
2013-08-13,35.73,35.84,34.88,35.07,808100
2013-08-14,34.9,35.23,34.43,34.86,1219000
2013-08-15,34.75,34.75,33.57,33.87,1008600
2013-08-16,33.8,34.15,33.52,33.59,766900
2013-08-19,33.62,33.95,33.35,33.74,611400
2013-08-20,33.92,34.11,33.81,33.99,438400
2013-08-21,33.98,34.13,33.45,33.47,503000
2013-08-22,33.77,34.78,33.7,34.61,565000
2013-08-23,34.73,34.99,34.35,34.49,425500
2013-08-26,34.59,34.59,33.92,34.22,592400
2013-08-27,33.93,34.49,33.59,33.73,456700
2013-08-28,33.7,34.01,33.59,33.74,501400
2013-08-29,33.77,34.06,32.93,33.36,713600
2013-08-30,32.99,33.63,32.9,33.01,866600
2013-09-03,33.28,33.67,32.73,33.25,744000
2013-09-04,33.29,33.74,33.25,33.57,1359200
2013-09-05,33.59,33.92,33.45,33.7,395400
2013-09-06,33.75,34,33.68,33.7,573500
2013-09-09,33.86,33.89,33.27,33.52,829600
2013-09-10,33.5,33.7,33.25,33.28,604300
2013-09-11,33.27,33.49,33.22,33.43,305300
2013-09-12,33.56,34.83,33.42,34.25,882600
2013-09-13,34.35,35.01,34.31,34.99,642200
2013-09-16,35.14,35.65,35.12,35.4,510500
2013-09-17,35.52,35.52,34.49,35,731400
2013-09-18,34.94,35.67,34.66,35.62,792000
2013-09-19,35.73,36.4,35.6,36.09,1527300
2013-09-20,36.02,36.06,35.19,35.19,1552600
2013-09-23,35.19,35.58,34.95,35.04,493200
2013-09-24,34.95,35.1,34.48,34.53,780300
2013-09-25,34.51,34.79,34.02,34.06,699300
2013-09-26,34.14,34.56,33.96,34.28,503600
2013-09-27,34.16,34.41,33.93,34.13,481800
2013-09-30,33.9,34.15,33.7,33.79,738900
2013-10-01,33.92,34.16,33.88,33.92,603800
2013-10-02,33.81,33.89,33.34,33.42,906100
2013-10-03,33.4,33.55,32.78,32.83,774400
2013-10-04,32.91,33.18,32.67,33.11,834200
2013-10-07,32.99,33.03,32.76,32.77,561800
2013-10-08,32.9,32.9,31.94,32.22,972000
2013-10-09,32.23,32.33,31.86,31.93,415100
2013-10-10,32.24,32.69,32.17,32.64,577800
2013-10-11,32.69,33.24,32.6,33.24,560500
2013-10-14,33.04,33.58,32.83,33.45,841000
2013-10-15,33.39,33.56,33.06,33.16,454200
2013-10-16,33.26,33.56,33.09,33.55,376600
2013-10-17,33.38,34.11,33.32,34.1,574300
2013-10-18,34.23,34.79,34.15,34.77,975300
2013-10-21,34.8,35.01,34.52,35.01,776200
2013-10-22,34.97,35.52,34.73,35.29,1429500
2013-10-23,34,35.99,33.65,35.09,1785000
2013-10-24,35.48,37.5,35.26,37.4,1824900
2013-10-25,37.4,37.4,36.58,37.14,939000
2013-10-28,37.24,37.78,36.93,37.77,855600
2013-10-29,37.97,38,37.55,37.98,600400
2013-10-30,38,38.16,37.48,37.85,701000
2013-10-31,37.86,38,37.52,37.61,552600
2013-11-01,37.6,37.6,36.61,36.84,989900
2013-11-04,36.99,37.22,36.69,37.09,455300
2013-11-05,37.05,37.26,36.88,37.21,305300
2013-11-06,37.36,37.4,36.82,36.93,285400
2013-11-07,36.96,37.2,36.3,36.56,598700
2013-11-08,36.57,37.02,36.5,36.6,931600
2013-11-11,36.72,37,36.53,36.97,594300
2013-11-12,36.95,37.19,36.62,36.89,489100
2013-11-13,36.82,38.01,36.72,37.96,660500
2013-11-14,37.99,38.47,37.85,38.32,431200
2013-11-15,38.32,38.39,37.79,38.25,615800
2013-11-18,38.26,38.5,38.06,38.38,784600
2013-11-19,38.41,38.5,38.11,38.41,636500
2013-11-20,38.68,38.9,38.15,38.32,830600
2013-11-21,37.87,37.87,37.06,37.11,906100
2013-11-22,37.22,37.44,36.97,37.37,546500
2013-11-25,37.5,37.6,37.26,37.29,306600
2013-11-26,37.08,37.56,37.08,37.33,500000
2013-11-27,37.14,37.4,37.03,37.22,473100
2013-11-29,37.26,37.63,37.11,37.21,243900
2013-12-02,37.24,37.25,36.65,36.78,614200
2013-12-03,36.59,37.07,36.48,37.03,619200
2013-12-04,36.92,37.2,36.26,36.75,580200
2013-12-05,36.79,36.99,36.52,36.6,348200
2013-12-06,36.95,37.27,36.89,37.26,453200
2013-12-09,37.37,37.46,36.9,37.08,441700
2013-12-10,37.01,37.08,36.28,36.33,482300
2013-12-11,36.43,36.77,35.92,35.92,522400
2013-12-12,35.97,36.07,35.58,35.85,445800
2013-12-13,35.99,36,35.47,35.98,417100
2013-12-16,36.06,36.08,35.37,35.4,410300
2013-12-17,35.47,35.52,34.9,35.12,409300
2013-12-18,35.27,35.74,35,35.69,252500
2013-12-19,35.71,35.91,35.43,35.64,383900
2013-12-20,35.78,36.19,35.65,35.85,797900
2013-12-23,36,36.39,35.91,36.33,478400
2013-12-24,36.25,36.52,36.04,36.34,206900
2013-12-26,36.45,36.73,36.16,36.65,262300
2013-12-27,36.63,36.75,36.29,36.39,191000
2013-12-30,36.44,36.66,36.16,36.57,341200
2013-12-31,36.51,36.86,36.1,36.82,392900
2014-01-02,36.68,37.25,36.68,36.78,793000
2014-01-03,36.9,37.12,36.54,36.61,368700
2014-01-06,36.73,36.9,36.3,36.49,309800
2014-01-07,36.7,37.06,36.53,36.89,713400
2014-01-08,36.84,37,36.7,36.89,531100
2014-01-09,36.88,37.21,36.86,37.21,614300
2014-01-10,37.25,37.64,37.08,37.34,1051000
2014-01-13,37.39,37.54,36.75,36.93,384100
2014-01-14,36.98,37.17,36.58,36.98,684100
2014-01-15,37,37.11,36.06,36.32,764000
2014-01-16,36.29,37.83,36.26,37.64,836500
2014-01-17,37.48,37.85,37.15,37.22,502900
2014-01-21,37.54,37.62,37.02,37.3,374200
2014-01-22,37.48,37.48,37.16,37.37,382600
2014-01-23,37.31,37.31,36.84,37.13,394200
2014-01-24,37,37,36.29,36.49,366800
2014-01-27,36.54,36.81,36.09,36.47,904500
2014-01-28,36.4,36.63,35.86,36.18,297600
2014-01-29,35.87,36.01,35.35,35.5,275700
2014-01-30,35.8,36.25,35.29,35.44,444200
2014-01-31,35.16,35.95,34.86,35.89,934400
2014-02-03,35.85,35.85,34.29,34.38,671100
2014-02-04,34.43,34.61,34.07,34.45,735800
2014-02-05,34.4,34.54,33.96,33.99,458200
2014-02-06,34.14,35.01,34.14,35.01,880400
2014-02-07,35.1,35.56,35.04,35.46,820900
2014-02-10,35.36,35.71,35.16,35.69,796300
2014-02-11,35.8,37.02,35.68,36.99,859400
2014-02-12,37.04,37.16,36.47,37,981900
2014-02-13,36.71,37.6,36.66,37.58,679800
2014-02-14,37.56,38,37.44,37.97,777200
2014-02-18,38.17,38.32,37.82,38.25,1331800
2014-02-19,39.71,41.48,39.5,40.02,2345300
2014-02-20,40.2,40.24,39.61,39.88,1366500
2014-02-21,39.83,40.18,39.58,39.97,1002500
2014-02-24,39.5,39.94,39.36,39.91,1553500
2014-02-25,39.97,40.16,39.7,39.98,1208100
2014-02-26,40,40.95,39.98,40.33,1412700
2014-02-27,40.41,40.82,40.19,40.53,1259500
2014-02-28,40.63,40.95,40.45,40.8,969600
2014-03-03,40.5,40.71,40.17,40.6,905600
2014-03-04,40.91,41.29,40.83,41.15,1006500
2014-03-05,41.12,41.77,41.06,41.7,983700
2014-03-06,41.79,42.25,41.78,42.02,801300
2014-03-07,42.09,42.22,41.81,42.06,644100
2014-03-10,42.13,42.33,41.75,42.09,1019800
2014-03-11,42.23,42.62,42.06,42.46,1010600
2014-03-12,42.47,42.47,41.72,42.13,931100
2014-03-13,42.43,42.49,41.87,42.26,866100
2014-03-14,42.15,42.57,42.01,42.21,988900
2014-03-17,42.31,42.49,42.15,42.45,850400
2014-03-18,42.5,42.94,42.36,42.71,776400
2014-03-19,42.56,42.73,41.83,42.02,693700
2014-03-20,41.98,42.39,41.19,42.32,681200
2014-03-21,42.51,42.69,41.98,41.98,1262700
2014-03-24,42.22,42.29,41.42,41.59,1003300
2014-03-25,41.75,41.78,41.2,41.55,499800
2014-03-26,41.82,41.84,40.91,40.99,925900
2014-03-27,41.01,41.01,40.27,40.28,624000
2014-03-28,40.47,40.54,39.94,40.02,462600
2014-03-31,40.31,40.49,39.95,40.15,843000
2014-04-01,40.3,40.95,40.27,40.78,537800
2014-04-02,40.81,40.86,40.27,40.59,767400
2014-04-03,40.66,40.91,40.37,40.45,540000
2014-04-04,41.11,41.26,39.92,39.98,558300
2014-04-07,39.73,39.73,38.38,38.64,770100
2014-04-08,38.68,39.55,38.39,39.47,466100
2014-04-09,39.59,39.81,39.25,39.45,357000
2014-04-10,39.51,39.56,38.74,38.78,666800
2014-04-11,38.41,38.96,38.02,38.87,484700
2014-04-14,39.04,39.62,38.87,39.6,566100
2014-04-15,39.62,40.04,39.1,39.93,891300
2014-04-16,40.03,40.44,39.78,40.12,992100
2014-04-17,40.09,40.42,40,40.11,640400
2014-04-21,39.93,40.22,39.62,39.98,1061900
2014-04-22,40.05,40.73,40.05,40.47,685300
2014-04-23,39.97,40.58,39.35,39.91,1532900
2014-04-24,40.05,40.14,39.3,39.77,1182700
2014-04-25,39.7,40.32,39.57,39.85,1714300
2014-04-28,39.86,40.09,39.36,39.69,884100
2014-04-29,39.85,40.36,39.61,40.14,859300
2014-04-30,40,40.41,39.96,40.14,779300
2014-05-01,40.04,40.15,39.72,40.02,447700
2014-05-02,40.01,40.47,39.82,40.2,619600
2014-05-05,40.05,40.31,39.8,40.22,418800
2014-05-06,40.27,40.67,40.09,40.18,555600
2014-05-07,40.28,41.24,40.27,41.14,990300
2014-05-08,40.93,41.42,40.57,40.69,653300
2014-05-09,40.63,41.05,40.51,40.99,451300
2014-05-12,40.93,41.19,40.73,40.96,560300
2014-05-13,40.96,41.11,40.51,40.65,486500
2014-05-14,40.61,40.77,40.4,40.64,466000
2014-05-15,40.58,40.72,40.15,40.54,643900
2014-05-16,40.54,40.62,40,40.1,624000
2014-05-19,39.97,40.36,39.93,40.03,567900
2014-05-20,40,40.54,39.49,39.86,938500
2014-05-21,39.93,40.7,39.81,40.69,519000
2014-05-22,40.81,41.34,40.73,40.92,726100
2014-05-23,40.4,40.66,39.84,40.44,1068600
2014-05-27,40.56,41.34,40.47,41.21,655900
2014-05-28,41.07,41.07,40.52,40.64,538800
2014-05-29,40.69,40.81,40.34,40.49,371100
2014-05-30,40.41,40.62,40.34,40.46,550000
2014-06-02,40.49,40.79,40.27,40.65,455000
2014-06-03,40.37,40.69,40.32,40.45,900500
2014-06-04,40.33,41.51,40.29,41.45,781900
2014-06-05,41.41,41.47,41.19,41.33,376300
2014-06-06,41.34,41.48,41.26,41.38,345000
2014-06-09,41.27,41.81,41.19,41.73,533900
2014-06-10,41.79,41.9,41.36,41.67,489000
2014-06-11,41.47,41.8,41.25,41.69,490000
2014-06-12,41.52,41.76,40.73,40.93,488000
2014-06-13,40.84,41.22,40.57,40.7,290000
2014-06-16,40.66,41.09,40.66,40.87,361900
2014-06-17,40.81,41.05,40.7,40.87,320100
2014-06-18,40.86,41.33,40.78,41.3,285100
2014-06-19,41.29,41.69,41.27,41.54,243100
2014-06-20,41.65,41.92,41.35,41.72,417600
2014-06-23,41.72,42.44,41.56,42.31,610500
2014-06-24,42.01,42.69,42,42.62,572600
2014-06-25,42.6,43.09,42.59,43,757500
2014-06-26,43.05,43.1,42.58,42.81,481200
2014-06-27,42.79,43.19,42.76,42.82,568400
2014-06-30,42.73,42.9,42.49,42.55,552600
2014-07-01,42.56,42.85,42.45,42.51,473300
2014-07-02,42.32,42.52,42.03,42.1,487300
2014-07-03,42.2,42.29,42.08,42.19,325400
2014-07-07,42.23,42.28,41.96,42.1,738700
2014-07-08,42.12,42.13,41.75,42.02,700100
2014-07-09,42.01,42.15,41.36,41.39,843000
2014-07-10,40.98,41.66,40.93,41.59,389900
2014-07-11,41.54,41.81,41.26,41.76,238700
2014-07-14,41.86,42,41.49,41.57,349600
2014-07-15,41.68,41.69,40.92,40.98,521900
2014-07-16,41.08,41.22,40.66,40.75,468100
2014-07-17,40.63,41.03,39.99,40.29,1127300
2014-07-18,40.51,41.2,40.23,41,1348100
2014-07-21,38.86,39.49,37.12,39.31,3426000
2014-07-22,39.53,40.48,39.53,40.39,1097300
2014-07-23,40.6,40.62,39.57,39.66,1872300
2014-07-24,39.78,39.99,38.67,39.11,941700
2014-07-25,38.99,39.33,38.83,38.97,573000
2014-07-28,38.78,39.54,38.63,39.1,775400
2014-07-29,39.14,39.7,39.06,39.24,649600
2014-07-30,39.36,39.69,38.97,39.14,564400
2014-07-31,38.93,39.29,38.2,38.22,779500
2014-08-01,38.22,38.78,38.1,38.29,768500
2014-08-04,38.42,38.73,38.24,38.28,800200
2014-08-05,38.32,38.32,37.04,37.27,1335700
2014-08-06,37.02,37.14,36.42,36.56,1203100
2014-08-07,36.76,36.86,36.07,36.32,686800
2014-08-08,36.17,37.05,36.17,36.87,775600
2014-08-11,36.95,37.04,36.71,36.88,323500
2014-08-12,36.77,37.12,36.66,36.93,316700
2014-08-13,36.63,36.83,36.28,36.66,705200
2014-08-14,36.57,37.05,36.57,36.86,740700
2014-08-15,37,37.29,36.75,36.85,886300
2014-08-18,37.14,37.82,36.95,37.54,725100
2014-08-19,37.58,38.11,37.58,37.92,392600
2014-08-20,37.77,38.22,37.75,38.03,378700
2014-08-21,37.97,38.21,37.69,37.81,543100
2014-08-22,37.9,37.98,37.48,37.54,609500
2014-08-25,37.6,37.75,37,37.43,944000
2014-08-26,37.1,37.88,37.1,37.51,734800
2014-08-27,37.34,37.35,36.84,37.16,752800
2014-08-28,37.08,37.3,36.96,37,1234400
2014-08-29,36.36,36.75,35.67,36.48,1040900
2014-09-02,36.28,36.37,35.71,35.8,788400
2014-09-03,35.96,35.96,35.07,35.31,2824100
2014-09-04,35.4,35.54,34.62,34.71,2290600
2014-09-05,34.79,35.25,34.66,35.17,922000
2014-09-08,35.05,35.4,34.77,35.05,1031900
2014-09-09,35.1,35.2,34.7,34.75,1265300
2014-09-10,34.61,35.22,34.59,35.18,781800
2014-09-11,35,35.56,34.99,35.49,642300
2014-09-12,35.5,35.6,35.3,35.53,766600
2014-09-15,35.51,35.52,34.94,34.96,634800
2014-09-16,34.9,35.02,34.72,34.83,562100
2014-09-17,34.73,34.84,34.27,34.41,705600
2014-09-18,34.54,35.04,34.49,34.91,635700
2014-09-19,34.98,35.09,34.46,34.6,1243900
2014-09-22,34.5,34.7,34.4,34.59,779200
2014-09-23,34.56,34.66,34.09,34.09,491200
2014-09-24,34.06,34.36,33.85,34.33,736800
2014-09-25,34.19,34.39,33.84,33.84,712000
2014-09-26,33.9,34.77,33.76,34.59,780800
2014-09-29,34.29,34.6,34.13,34.56,697300
2014-09-30,34.59,34.78,34.37,34.39,735800
2014-10-01,34.31,34.53,33.95,34.02,553900
2014-10-02,34.01,34.06,33.23,33.84,1104900
2014-10-03,34.09,34.88,34.01,34.75,906500
2014-10-06,34.85,34.85,34.16,34.36,468000
2014-10-07,34.15,34.38,33.99,34,691800
2014-10-08,34.23,35.53,34.2,35.5,1116800
2014-10-09,35.47,35.86,35.11,35.32,1821300
2014-10-10,35.28,35.5,34.49,35.15,1262100
2014-10-13,35.14,35.5,34.67,34.9,1473500
2014-10-14,34.99,35.34,34.74,34.79,1040000
2014-10-15,34.25,34.66,33.79,34.54,989400
2014-10-16,33.8,33.91,31.77,33.15,3706100
2014-10-17,33.49,34.22,33.22,33.85,1103600
2014-10-20,33.69,33.95,33.11,33.2,1581800
2014-10-21,33.22,34.63,33.22,34.5,1938800
2014-10-22,38.74,39.91,37.66,38.9,5452900
2014-10-23,39,39.58,38.81,39.06,1538700
2014-10-24,39.29,39.58,38.75,39.41,850600
2014-10-27,39.37,40.23,39.28,39.87,807100
2014-10-28,40,40.42,39.86,40.32,970400
2014-10-29,40.38,40.8,39.92,40.25,715800
2014-10-30,40.1,40.59,39.92,40.22,740800
2014-10-31,40.58,40.78,39.91,40.3,891500
2014-11-03,40.23,40.23,39.86,39.98,826700
2014-11-04,39.91,40.16,39.67,40.05,1240900
2014-11-05,40.24,40.32,39.71,39.94,830400
2014-11-06,40.05,40.14,39.78,39.89,851000
2014-11-07,39.99,40.12,39.74,40.05,722600
2014-11-10,40.21,40.5,39.73,39.93,611100
2014-11-11,39.88,40.42,39.87,40.27,687200
2014-11-12,40,41.04,39.75,40.87,767800
2014-11-13,40.99,41.13,40.43,40.53,482100
2014-11-14,40.44,40.6,40.23,40.47,487000
2014-11-17,40.3,40.73,40.15,40.39,451400
2014-11-18,40.52,41,40.42,40.8,334400
2014-11-19,40.81,40.85,39.97,40.12,856300
2014-11-20,40.02,40.02,38.94,39.1,1176200
2014-11-21,39,39.94,38.88,39.45,1137200
2014-11-24,39.58,39.97,39.51,39.71,502000
2014-11-25,39.76,40.08,39.71,39.9,441300
2014-11-26,39.86,40.59,39.74,40.28,582800
2014-11-28,40.56,40.96,40.49,40.65,352000
2014-12-01,40.46,40.99,40.26,40.57,671800
2014-12-02,40.83,40.99,40.44,40.53,446500
2014-12-03,40.46,41.19,40.23,40.91,845300
2014-12-04,40.78,41.76,40.69,41.56,793400
2014-12-05,41.53,41.98,41.22,41.71,375900
2014-12-08,41.69,42.62,41.66,41.85,639300
2014-12-09,41.35,42.05,41.22,42.04,655700
2014-12-10,41.93,41.93,41.03,41.38,489200
2014-12-11,41.65,41.98,41.25,41.8,695100
2014-12-12,41.42,41.82,41.17,41.23,483100
2014-12-15,41.52,41.87,41.03,41.77,815600
2014-12-16,41.58,41.93,41.09,41.15,569000
2014-12-17,41.29,41.98,40.82,41.86,446100
2014-12-18,42.14,42.26,41.66,41.97,626600
2014-12-19,41.96,42.2,41.56,41.95,650200
2014-12-22,41.9,42.18,41.77,41.98,454700
2014-12-23,42.14,42.93,42.07,42.56,474400
2014-12-24,42.59,43.33,42.44,42.72,191400
2014-12-26,42.84,43.47,42.84,43.06,277300
2014-12-29,43.17,43.38,42.88,43.24,254800
2014-12-30,43.17,43.6,43,43.23,386200
2014-12-31,43.23,43.54,43.1,43.15,446400
2015-01-02,43.13,43.52,42.76,43.35,962700
2015-01-05,43.39,43.8,43.27,43.43,812400
2015-01-06,43.45,43.73,42.23,42.9,883300
2015-01-07,43.03,43.2,42.59,42.96,529100
2015-01-08,43.08,43.69,42.97,43.66,379700
2015-01-09,43.53,43.66,42.9,43.3,620200
2015-01-12,43.3,43.79,43.02,43.72,322000
2015-01-13,43.91,44.46,43.53,44.02,649300
2015-01-14,43.52,44,43.29,43.52,384900
2015-01-15,43.63,43.67,42.78,42.98,503600
2015-01-16,42.9,43.25,42.71,43.04,286300
2015-01-20,43.22,43.54,42.78,43.14,577100
2015-01-21,43.05,43.24,42.81,43.05,627100
2015-01-22,43.31,43.66,43.14,43.46,488300
2015-01-23,43.37,43.45,42.99,43.23,409800
2015-01-26,43.12,43.83,43.12,43.79,418100
2015-01-27,43.42,44.41,43.38,44.28,459500
2015-01-28,44.5,44.5,43.61,43.8,237800
2015-01-29,43.86,43.96,43.33,43.85,389500
2015-01-30,43.5,43.81,42.86,42.96,888000
2015-02-02,43.42,44.01,42.61,43.99,455400
2015-02-03,43.96,44.44,43.84,44.23,340400
2015-02-04,44.07,44.41,43.88,44.15,340200
2015-02-05,44.33,44.84,44.02,44.82,430100
2015-02-06,44.78,45.01,44.46,44.74,424500
2015-02-09,44.53,45.08,44.46,44.74,306500
2015-02-10,45.04,45.57,44.9,45.53,392900
2015-02-11,45.43,45.5,44.8,45.02,401000
2015-02-12,44.59,45.41,44.45,45.16,622300
2015-02-13,45.31,45.35,44.73,45.11,263600
2015-02-17,44.72,45.53,44.6,45.39,409000
2015-02-18,45.5,46.36,45.06,46.31,922700
2015-02-19,49,49,46.17,47.6,2029200
2015-02-20,47.62,47.67,45.46,47.13,2034600
2015-02-23,47.2,48.18,47.04,48.08,906900
2015-02-24,48.08,48.13,47,47.3,752600
2015-02-25,47.17,47.75,46.39,46.4,868500
2015-02-26,46.36,46.49,45.22,46.04,868500
2015-02-27,46.16,46.45,45.05,45.29,1090100
2015-03-02,45.77,46.99,45.63,46.72,1276100
2015-03-03,46.66,47.24,46.44,46.95,626600
2015-03-04,46.92,47,46.48,46.94,401100
2015-03-05,46.96,47.11,46.42,46.76,495100
2015-03-06,46.75,46.75,45.85,45.97,500000
2015-03-09,46.06,46.83,45.92,46.68,491700
2015-03-10,46.37,46.74,45.82,46.59,641700
2015-03-11,46.62,46.98,45.99,46.87,569300
2015-03-12,46.88,48.02,46.8,47.83,581100
2015-03-13,47.77,48.2,47.25,47.6,727200
2015-03-16,47.45,47.51,45.73,45.92,1445400
2015-03-17,45.92,46.56,45.9,46.43,578900
2015-03-18,46.49,47.48,46.39,47.33,852200
2015-03-19,47.2,48,47.11,47.43,706100
2015-03-20,47.71,47.74,47.1,47.57,604000
2015-03-23,47.56,48.22,47.49,47.9,592200
2015-03-24,48.07,48.28,47.52,48.11,595800
2015-03-25,48.15,48.43,47.58,47.85,777300
2015-03-26,47.67,48.22,47.34,47.89,468600
2015-03-27,47.96,48.67,47.8,48.56,478900
2015-03-30,48.71,48.84,48.16,48.31,537700
2015-03-31,48.02,48.7,47.96,48.41,585900
2015-04-01,48.37,48.37,47.47,47.69,714800
2015-04-02,47.82,48.5,47.71,48.26,617000
2015-04-06,48.27,49.14,48.27,49.12,1420800
2015-04-07,49.2,49.29,48.08,48.19,630700
2015-04-08,48.36,48.56,47.95,48.49,619800
2015-04-09,48.49,48.61,48.02,48.25,532900
2015-04-10,48.3,49.08,48.3,48.88,400800
2015-04-13,48.74,48.91,47.95,48.01,360600
2015-04-14,47.8,48.08,47.17,47.83,451600
2015-04-15,47.93,48.33,47.83,48.03,548600
2015-04-16,48,48.69,47.78,48.35,447600
2015-04-17,48.28,48.64,47.99,48.19,656800
2015-04-20,48.28,48.86,47.91,48.82,988500
2015-04-21,48.84,49.1,48.4,48.6,865800
2015-04-22,49.33,50.36,48.87,49.97,1469700
2015-04-23,50.08,50.34,49.07,49.88,1114000
2015-04-24,50.05,51.09,49.78,51.08,736700
2015-04-27,50.29,50.42,48.62,48.71,812500
2015-04-28,48.72,48.98,47.84,48.33,643800
2015-04-29,48.13,48.43,47.07,47.26,533300
2015-04-30,47.19,47.94,46.81,47.02,531800
2015-05-01,47.01,47.9,47.01,47.67,347000
2015-05-04,47.62,47.85,46.94,47.12,534000
2015-05-05,47.18,47.45,46.76,46.95,486600
2015-05-06,47.16,47.24,46.56,46.6,485200
2015-05-07,46.66,47.12,46.55,46.63,705300
2015-05-08,47.08,48.03,46.96,47.5,648900
2015-05-11,47.32,47.73,47.26,47.44,288800
2015-05-12,47.2,47.95,46.93,47.83,361500
2015-05-13,48,48.11,47.51,47.74,387800
2015-05-14,47.93,48.9,47.63,48.89,482200
2015-05-15,49.69,50.34,49.54,49.89,815200
2015-05-18,49.78,49.99,49.46,49.47,490600
2015-05-19,49.7,49.86,49.27,49.84,392700
2015-05-20,49.95,50.18,49.56,49.59,482600
2015-05-21,49.88,49.92,49.33,49.8,478000
2015-05-22,49.28,49.56,48.89,48.97,357100
2015-05-26,48.71,49.1,48.06,48.43,497100
2015-05-27,48.62,49.28,48.62,49.16,504500
2015-05-28,49,49.45,49,49.33,396700
2015-05-29,49.27,49.4,48.73,48.86,431900
2015-06-01,49.14,49.2,48.5,48.79,433500
2015-06-02,48.58,48.71,47.89,47.91,865700
2015-06-03,47.86,47.98,47.1,47.23,1118600
2015-06-04,47.27,47.36,46.7,46.9,655700
2015-06-05,46.67,46.95,46.5,46.64,735000
2015-06-08,46.7,46.72,45.52,45.83,700100
2015-06-09,46.04,47.17,45.98,47.1,874400
2015-06-10,47.2,47.71,46.92,47.48,551500
2015-06-11,47.68,48.41,47.63,48.14,738400
2015-06-12,47.99,48.2,47.78,47.96,286000
2015-06-15,47.96,47.97,47.11,47.67,569300
2015-06-16,47.69,48.23,47.37,47.9,805200
2015-06-17,47.87,47.99,46.76,46.99,607200
2015-06-18,46.95,47.54,46.86,47.18,442600
2015-06-19,47.27,47.36,46.83,46.88,503200
2015-06-22,46.9,47.1,46.63,46.94,780600
2015-06-23,46.97,47.1,46.61,46.81,439000
2015-06-24,46.58,46.77,45.76,45.81,650700
2015-06-25,45.79,46.49,45.69,46.08,640600
2015-06-26,46.16,46.29,45.51,45.63,668300
2015-06-29,45.27,45.59,44.43,44.49,625500
2015-06-30,44.57,45.11,44.34,44.85,777300
2015-07-01,45.04,45.43,44.83,45.42,541400
2015-07-02,45.33,45.38,44.8,45.3,547100
2015-07-06,45,46.32,44.83,46.16,1546400
2015-07-07,46.5,46.5,45.42,46.48,788600
2015-07-08,46.03,46.48,45.75,46.11,638100
2015-07-09,46.55,46.92,46.28,46.58,650200
2015-07-10,46.87,47.62,46.87,47.52,525300
2015-07-13,48.04,48.47,47.75,48.05,1124400
2015-07-14,47.94,48.66,47.85,48.52,885300
2015-07-15,48.32,48.68,47.12,47.25,1065400
2015-07-16,47.29,47.5,46.08,47.1,2027000
2015-07-17,47.11,47.33,46.33,46.35,521300
2015-07-20,46.5,46.54,45.88,46.35,498500
2015-07-21,46.24,46.63,46.07,46.29,751200
2015-07-22,45,47.47,44.5,46.15,2102600
2015-07-23,46.48,46.58,45.34,45.46,1249600
2015-07-24,45.72,46.14,45.33,45.7,856800
2015-07-27,45.68,46.32,45.63,45.91,866300
2015-07-28,46.16,46.88,45.73,45.84,950500
2015-07-29,45.94,46.24,45.63,46.04,670500
2015-07-30,46.05,46.42,45.87,46.14,640700
2015-07-31,46.44,46.92,46.24,46.64,509000
2015-08-03,46.63,47.14,46.38,46.84,730500
2015-08-04,46.76,47.23,46.58,46.86,497800
2015-08-05,46.86,47.38,46.53,46.81,570700
2015-08-06,46.5,46.68,45.72,46.36,550900
2015-08-07,46.34,46.34,45.65,45.79,583000
2015-08-10,45.8,46.05,45.72,45.88,515800
2015-08-11,45.73,45.73,44.74,44.88,811000
2015-08-12,44.53,45.27,44.34,45.13,633100
2015-08-13,45.27,45.61,45.03,45.52,348200
2015-08-14,45.33,45.78,45,45.62,304500
2015-08-17,45.49,46.33,45.31,46.13,362500
2015-08-18,46.15,46.45,45.95,46.06,385100
2015-08-19,45.69,45.94,45.48,45.65,355900
2015-08-20,45.19,45.45,44.67,44.71,520500
2015-08-21,44.31,44.88,44.06,44.1,834700
2015-08-24,42.38,44.03,41.6,42.34,1542500
2015-08-25,43.37,43.89,42.51,42.53,824300
2015-08-26,43.09,44.45,42.53,44.33,883200
2015-08-27,44.6,45.14,43.76,44.65,835800
2015-08-28,44.37,45.35,44.28,45.19,449900
2015-08-31,44.81,45.28,44.71,44.97,822700
2015-09-01,44.04,44.23,43.03,43.22,1009200
2015-09-02,43.55,44.41,43.47,44.36,614200
2015-09-03,44.34,45.03,44.23,44.78,568300
2015-09-04,44.29,44.97,44.19,44.54,591400
2015-09-08,45.01,45.44,44.77,45.3,476700
2015-09-09,45.61,45.87,45.09,45.14,473200
2015-09-10,45,45.39,44.57,44.82,509000
2015-09-11,44.61,45.16,44.52,45.16,395300
2015-09-14,45.15,45.55,44.91,45.03,579400
2015-09-15,45.01,45.27,44.67,45.01,501800
2015-09-16,45.42,46.6,45.01,46.46,622500
2015-09-17,46.27,46.84,46.13,46.24,516100
2015-09-18,45.65,46.09,45.23,45.46,619600
2015-09-21,45.68,46.42,45.54,45.92,633100
2015-09-22,45.28,45.66,44.85,45.27,780400
2015-09-23,45.48,46.62,45.14,46.24,599800
2015-09-24,45.67,46.63,45.62,46.29,715400
2015-09-25,46.88,47.19,46.04,46.35,702100
2015-09-28,45.92,46.23,44.18,44.6,884400
2015-09-29,44.57,44.88,44.04,44.48,896800
2015-09-30,44.82,45.82,44.82,45.78,893600
2015-10-01,45.75,46.37,45.47,46.33,723800
2015-10-02,46.08,46.96,45.46,46.95,703300
2015-10-05,47.28,48.04,47.04,48,1046100
2015-10-06,47.85,48.38,47.55,48.16,869300
2015-10-07,48.17,49.14,47.64,48.93,867600
2015-10-08,48.69,48.93,48.09,48.24,1269300
2015-10-09,48.25,48.52,47.14,47.92,1037000
2015-10-12,47.89,48.53,47.59,48.49,775000
2015-10-13,48.33,48.92,48.29,48.33,729600
2015-10-14,48.25,48.58,47.95,48.14,380000
2015-10-15,48.22,48.87,48.04,48.7,555800
2015-10-16,48.88,49.18,48.66,48.93,970900
2015-10-19,48.81,50.27,48.36,50.17,1454300
2015-10-20,50,51.92,49.25,51.08,2557200
2015-10-21,51.38,52.34,51.05,51.19,1551200
2015-10-22,51.26,52.72,50.95,52.47,1331900
2015-10-23,52.85,53,52.32,52.59,1206300
2015-10-26,52.63,52.79,52.19,52.2,2050900
2015-10-27,51.85,51.87,50.64,51.25,1679800
2015-10-28,51.63,51.89,50.74,51.51,1188800
2015-10-29,51.49,52.77,51.23,52.54,709400
2015-10-30,52.7,52.74,51.89,52.04,471900
2015-11-02,52.2,52.28,51.66,51.87,545100
2015-11-03,51.75,52.15,51.37,51.94,418100
2015-11-04,51.92,52.15,51.5,51.88,340000
2015-11-05,51.73,52.14,51.67,52.03,274700
2015-11-06,51.81,52.19,51.67,51.87,455400
2015-11-09,51,51.7,51,51.35,586000
2015-11-10,51.35,52.25,51.35,52.17,483800
2015-11-11,52.31,52.94,52.01,52.39,861800
2015-11-12,52.15,52.28,51.31,51.32,391100
2015-11-13,51.28,51.86,50.9,51.27,731600
2015-11-16,51.13,51.38,50.79,51.38,572100
2015-11-17,51.43,51.7,50.99,51.19,325800
2015-11-18,51.21,51.87,50.92,51.87,468400
2015-11-19,51.97,52.06,51.31,51.41,227000
2015-11-20,51.47,52.21,51.44,52.1,348000
2015-11-23,52.11,52.83,52,52.79,463400
2015-11-24,52.2,52.94,51.97,52.65,429400
2015-11-25,52.6,53.31,52.6,53.11,352200
2015-11-27,52.97,53.2,52.5,52.92,291600
2015-11-30,52.62,52.76,51.8,51.9,700200
2015-12-01,52.14,52.74,51.72,52.71,767600
2015-12-02,52.75,53.15,52.42,52.54,490500
2015-12-03,52.89,53.59,52.16,52.49,764600
2015-12-04,52.54,53.59,52.54,53.06,627600
2015-12-07,52.96,53.37,52.84,53.11,868300
2015-12-08,52.61,53.12,51.95,52.77,617500
2015-12-09,52.48,52.97,52.29,52.61,753100
2015-12-10,52.87,53.07,52.5,52.69,641500
2015-12-11,52.23,52.9,51.89,51.99,663000
2015-12-14,51.86,52.43,51.13,51.76,543300
2015-12-15,52.01,53.39,51.99,53.07,578400
2015-12-16,53.37,53.74,53.13,53.5,679500
2015-12-17,53.54,54,53.13,53.26,672300
2015-12-18,53.12,53.57,52.57,52.58,778200
2015-12-21,53.2,53.79,52.74,53.68,616300
2015-12-22,53.75,53.87,53.22,53.6,391900
2015-12-23,53.75,54.14,53.57,54.01,532300
2015-12-24,53.83,54.86,53.83,54.63,276300
2015-12-28,54.67,55.05,54.32,54.96,422400
2015-12-29,55.1,55.22,54.25,54.74,416400
2015-12-30,54.52,55.11,54.47,54.86,274800
2015-12-31,54.69,55.35,54.62,54.94,478500
2016-01-04,54.13,54.49,53.51,54.49,1633700
2016-01-05,54.71,54.95,53.98,54.07,769500
2016-01-06,53.42,54.51,53.39,53.97,1115500
2016-01-07,53.16,54.33,52.98,53.97,1039500
2016-01-08,54.24,54.54,52.96,53.08,622600
2016-01-11,53.12,53.71,52.74,53.39,637500
2016-01-12,53.7,54.06,53.21,53.73,740600
2016-01-13,53.77,53.79,52.04,52.28,645300
2016-01-14,52.27,52.47,50.4,50.95,1272200
2016-01-15,49.98,50.08,47.63,48.25,2387600
2016-01-19,48.36,48.76,47.4,47.99,1821500
2016-01-20,47.54,47.63,45.24,46.74,1459500
2016-01-21,46.89,48.53,46.62,47.75,1055700
2016-01-22,48.44,49.41,48.1,49.31,897300
2016-01-25,49.1,49.16,47.87,47.95,864900
2016-01-26,47.95,49.55,47.59,49.4,781700
2016-01-27,49.51,50.88,49.43,49.93,1085000
2016-01-28,50.46,50.46,49.45,49.75,508000
2016-01-29,49.96,50.37,49.22,50.27,931000
2016-02-01,50.12,51.37,49.61,51.08,979300
2016-02-02,50.62,50.75,48.94,49.46,947200
2016-02-03,49.73,49.92,48.45,49.48,748600
2016-02-04,49.02,49.78,48.63,49.14,637500
2016-02-05,49,49.31,47.91,48.18,837000
2016-02-08,47.55,47.95,46.73,47.59,620700
2016-02-09,46.99,48.74,46.76,47.75,909200
2016-02-10,47.94,49.27,47.72,47.77,898400
2016-02-11,46.41,47.63,46.03,47.11,656000
2016-02-12,47.56,47.96,47,47.52,720300
2016-02-16,48.13,49.66,47.82,49.66,619900
2016-02-17,50.07,51.9,49.84,51.39,1881500
2016-02-18,53,53.61,51.1,52.68,2086400
2016-02-19,52.75,52.88,50.52,51.38,1691700
2016-02-22,51.6,52.35,51.23,52.23,1053800
2016-02-23,52.2,52.49,51.5,51.79,722100
2016-02-24,51.27,51.66,50.41,51.5,982100
2016-02-25,51.61,51.92,51.02,51.53,505200
2016-02-26,51.71,52.58,51.37,51.6,994900
2016-02-29,51.54,52.07,50.8,50.86,989000
2016-03-01,51.47,51.8,50.45,51.43,1299300
2016-03-02,51.27,51.66,50.8,51.58,447400
2016-03-03,51.26,52,51.18,51.94,454800
2016-03-04,52,52.67,51.84,52.56,729800
2016-03-07,52.5,53.18,52,52.21,835500
2016-03-08,52.08,52.14,51.59,51.67,483700
2016-03-09,51.85,53.23,51.66,53.23,961200
2016-03-10,53.37,54.34,52.57,53.05,855000
2016-03-11,53.22,53.87,53.01,53.24,478400
2016-03-14,53.3,53.63,53.01,53.53,606100
2016-03-15,52.95,53.11,52.43,52.61,705400
2016-03-16,52.6,52.91,52.19,52.69,502200
2016-03-17,52.57,53.76,52.57,53.5,565300
2016-03-18,53.43,54.84,52.9,54.72,1154600
2016-03-21,54.89,54.89,54.01,54.38,311600
2016-03-22,53.89,54.18,53.41,54,447800
2016-03-23,54.06,54.06,53.52,53.54,355700
2016-03-24,53.43,53.84,53.1,53.82,476500
2016-03-28,54.03,55.03,54.03,54.94,607600
2016-03-29,54.38,54.98,54.24,54.88,567600
2016-03-30,55.06,56.33,54.76,56.06,1112400
2016-03-31,56,56.19,55.16,55.49,1215600
2016-04-01,56.1,58.3,56.06,58.19,1593000
2016-04-04,58.35,58.9,57.62,58.01,1193400
2016-04-05,57.53,58.72,57.29,57.56,1014300
2016-04-06,57.84,59.12,57.84,58.98,1038300
2016-04-07,58.85,59.27,58.06,59.11,1529700
2016-04-08,59.47,59.92,59.1,59.42,518300
2016-04-11,59.8,59.91,58.41,59.37,1546600
2016-04-12,59.35,59.43,58.39,58.81,1337100
2016-04-13,58.84,59.62,58.72,59,817600
2016-04-14,58.65,59.25,57.92,58.52,1906600
2016-04-15,58.34,58.8,58.02,58.21,429800
2016-04-18,58.24,58.96,58.01,58.72,1218000
2016-04-19,58.8,59.01,58.25,58.54,1328400
2016-04-20,58.47,58.53,58.01,58.13,822900
2016-04-21,58.19,58.34,57.56,57.89,791900
2016-04-22,57.66,57.93,56.83,57.7,780600
2016-04-25,57.84,58.28,57.63,58.26,540900
2016-04-26,58.18,58.73,58.01,58.65,755600
2016-04-27,60.19,62.69,60.05,61.33,2715500
2016-04-28,61.35,62.21,60.67,61.14,953900
2016-04-29,61.23,61.23,59.48,60.05,1211000
2016-05-02,59.9,60.26,59.36,59.69,806500
2016-05-03,59.2,59.2,58.25,58.8,1025600
2016-05-04,58.51,58.75,58.22,58.46,539200
2016-05-05,58.57,58.63,57.96,58.03,462500
2016-05-06,57.73,58.59,57.5,58.41,556800
2016-05-09,58.55,58.98,58.25,58.45,390000
2016-05-10,58.57,58.64,57.98,58.44,604700
2016-05-11,58.41,58.5,57.73,57.77,489600
2016-05-12,58,58.52,57.35,58.36,528700
2016-05-13,58.17,58.65,57.67,58.01,437100
2016-05-16,57.89,58.67,57.66,58.31,640400
2016-05-17,58.24,58.63,58.03,58.42,1044600
2016-05-18,58.37,58.47,57.34,57.8,934400
2016-05-19,57.41,58.18,57.25,58.01,914800
2016-05-20,58.08,58.75,58.05,58.38,491800
2016-05-23,58.64,59.34,58.57,59.16,760700
2016-05-24,58.8,59.48,58.52,59.25,841200
2016-05-25,59.15,59.39,58.53,58.59,632100
2016-05-26,58.69,59.11,58.02,58.41,372100
2016-05-27,58.38,58.38,57.2,57.49,1064000
2016-05-31,57.3,57.98,57.19,57.69,899600
2016-06-01,57.42,57.74,57.03,57.53,558500
2016-06-02,57.52,58.09,57.52,58.08,611000
2016-06-03,57.8,58.25,57.16,57.7,521400
2016-06-06,57.62,57.86,57.17,57.53,810300
2016-06-07,57.79,58.54,57.79,58.25,917200
2016-06-08,58.64,58.92,58.33,58.45,744200
2016-06-09,58.33,58.73,58.15,58.42,928300
2016-06-10,57.99,58.02,57.34,57.79,477100
2016-06-13,57.42,57.9,57.14,57.53,570700
2016-06-14,57.26,57.56,56.9,57.18,423300
2016-06-15,57,57.76,57,57.12,799100
2016-06-16,56.36,56.59,55.72,56.54,987400
2016-06-17,56.31,56.37,55.73,55.85,876400
2016-06-20,56.38,57.34,56.38,57.04,771100
2016-06-21,57.13,57.22,56.35,56.42,364200
2016-06-22,56.49,57.9,56.45,57.84,1035100
2016-06-23,58,58.66,57.91,58.43,745400
2016-06-24,56.79,58.59,56.79,57.58,1561400
2016-06-27,56.74,57.11,55.18,55.57,1611100
2016-06-28,56.46,56.73,55.42,56.66,862200
2016-06-29,56.89,58.42,56.89,58.42,930200
2016-06-30,58.79,58.86,57.5,57.95,1039600
2016-07-01,57.84,58.2,57.23,57.54,945700
2016-07-05,57.42,57.42,56.12,56.61,820400
2016-07-06,56.63,57.53,56.56,57.14,1276700
2016-07-07,57.35,57.76,56.95,57.17,864900
2016-07-08,57.41,57.97,57.41,57.82,874400
2016-07-11,58,58.44,57.45,58.27,764100
2016-07-12,58.73,59.11,58.22,58.35,1304400
2016-07-13,58.59,59,58.26,58.85,760000
2016-07-14,59.31,59.42,58.54,58.64,644900
2016-07-15,58.49,59.12,58.19,58.98,519200
2016-07-18,58.94,59.28,58.74,59.19,400600
2016-07-19,59.16,59.66,59.06,59.32,714200
2016-07-20,59.68,60.28,59.47,60.16,703600
2016-07-21,60.07,60.1,58.58,59.21,1195300
2016-07-22,59.49,59.69,59.1,59.46,678000
2016-07-25,59.22,59.42,58.97,59.38,524900
2016-07-26,59.22,60,58.85,59.46,1378600
2016-07-27,56.16,58.31,56,56.69,3912600
2016-07-28,56.32,57.55,56,57.26,1502200
2016-07-29,57,57.3,56.23,56.39,1283500
2016-08-01,56.14,56.44,55.71,55.81,1519900
2016-08-02,55.61,55.65,54.47,54.47,1570600
2016-08-03,54.29,54.8,53.93,54.7,1239000
2016-08-04,54.65,54.77,54.15,54.28,1189800
2016-08-05,54.53,54.75,53.93,54.01,1002800
2016-08-08,53.97,54.22,53.52,53.62,1130500
2016-08-09,53.56,53.62,52.74,52.77,925700
2016-08-10,52.96,53.01,51.82,52.99,1567600
2016-08-11,53.27,53.66,52.79,53.2,537300
2016-08-12,53.2,53.36,52.93,52.98,729300
2016-08-15,52.84,52.9,51.13,51.52,1836600
2016-08-16,51.44,51.59,50.84,50.89,1245300
2016-08-17,51,51.09,50.49,50.94,1049300
2016-08-18,50.71,50.96,50.22,50.85,1273700
2016-08-19,50.82,50.82,50.06,50.1,711700
2016-08-22,50.15,50.41,49.36,50.31,1221200
2016-08-23,50.67,51.95,50.5,50.7,1962800
2016-08-24,50.63,50.92,50.22,50.39,912900
2016-08-25,50.43,50.67,49.85,50.01,754200
2016-08-26,50.25,50.34,49.56,49.87,1233000
2016-08-29,49.96,50.59,49.62,50.18,1061100
2016-08-30,50.25,50.29,49.51,49.58,785800
2016-08-31,49.49,49.54,48.24,48.77,2092900
2016-09-01,48.21,48.59,47.85,48.26,1317400
2016-09-02,48.32,49.14,48.29,48.38,925800
2016-09-06,48.52,48.68,48.06,48.06,803200
2016-09-07,48.25,49.5,48.12,49.41,1465500
2016-09-08,49.4,49.89,49.04,49.4,1399800
2016-09-09,49.02,49.03,48.2,48.3,1102900
2016-09-12,47.82,49.48,47.61,49.37,2445200
2016-09-13,48.99,51.63,48.58,51.45,3330800
2016-09-14,51.5,52.74,51.4,51.93,2052400
2016-09-15,51.93,53.36,51.93,52.71,2018000
2016-09-16,52.42,53.06,51.8,51.82,2132000
2016-09-19,51.9,52.54,51.75,52.21,1554700
2016-09-20,52.16,52.48,51.89,51.93,1262600
2016-09-21,52.1,52.45,51.7,52.3,1207400
2016-09-22,52.72,53.86,52.58,53.73,1232800
2016-09-23,53.44,53.94,53.36,53.72,1156900
2016-09-26,53.59,54.11,53.52,54,1334500
2016-09-27,54.12,54.45,53.91,54,1300300
2016-09-28,54,54.3,53.15,53.61,1153400
2016-09-29,53.45,53.67,52.89,53.25,926900
2016-09-30,53.29,53.85,53.1,53.61,1455900
2016-10-03,53.73,54.39,53.61,54.29,1391500
2016-10-04,54.2,54.68,54,54.17,1542400
2016-10-05,53.92,54.27,52.91,53.05,2046100
2016-10-06,52.69,53.14,52.69,52.96,954600
2016-10-07,53,53.08,52.39,52.51,764400
2016-10-10,52.5,52.9,51.8,51.88,1037900
2016-10-11,51.96,52.03,50.9,51.28,1229600
2016-10-12,51.43,51.57,50.86,51.09,1312600
2016-10-13,50.81,51.01,50.33,50.68,1428100
2016-10-14,50.93,51.37,50.74,50.75,865200
2016-10-17,50.6,51.06,50.52,50.89,492500
2016-10-18,51.24,51.67,51.02,51.09,461500
2016-10-19,51.33,51.59,50.86,51.37,289000
2016-10-20,51.25,51.65,51.04,51.55,411800
2016-10-21,51.4,51.84,51.25,51.82,582900
2016-10-24,52.13,52.77,51.7,51.75,1233600
2016-10-25,51.53,51.53,50.57,51.25,2007600
2016-10-26,51.73,54.25,51.19,53.89,3540800
2016-10-27,53.77,54.35,53.15,53.28,1376000
2016-10-28,53.31,54.35,53.23,54.17,953000
2016-10-31,54.46,55.77,54.07,55.65,1568600
2016-11-01,55.65,55.83,55.25,55.42,1101800
2016-11-02,55.15,55.86,55.15,55.33,842700
2016-11-03,55.29,55.96,55.1,55.27,583600
2016-11-04,55.64,55.97,55.17,55.31,644400
2016-11-07,55.81,56.9,55.51,56.71,803700
2016-11-08,56.59,57.29,56.41,57.1,615400
2016-11-09,56,57.47,55.29,56.89,789400
2016-11-10,57.17,57.51,56.46,56.48,1152900
2016-11-11,56.44,56.5,56.08,56.17,1000600
2016-11-14,56.11,56.48,53.98,54.5,2561600
2016-11-15,54.77,54.93,54.03,54.06,1070900
2016-11-16,54.14,55,54.14,54.96,782100
2016-11-17,55.14,55.99,55.02,55.95,737500
2016-11-18,56.01,56.25,55.65,56.23,450300
2016-11-21,56.39,57.06,56.39,56.98,429200
2016-11-22,57.26,57.55,56.82,57.39,684400
2016-11-23,57.5,57.88,57.1,57.74,613300
2016-11-25,57.57,57.84,57.44,57.83,178100
2016-11-28,57.67,57.8,57.22,57.35,1098800
2016-11-29,56.71,57.69,56.37,57.48,1414900
2016-11-30,57.59,58.04,57.46,57.64,822000
2016-12-01,57.27,57.75,57.09,57.4,941900
2016-12-02,57.19,57.9,57.16,57.64,743700
2016-12-05,57.95,58.45,57.15,57.57,988800
2016-12-06,57.75,58.67,57.32,58.6,758800
2016-12-07,58.48,59.62,58.45,59.52,676200
2016-12-08,59.54,59.72,58.95,59.09,830800
2016-12-09,59.3,59.57,58.78,59.15,812900
2016-12-12,59,59,58.33,58.44,665600
2016-12-13,58.57,59.06,58.57,59,748800
2016-12-14,59,59.47,58.72,59.13,1026800
2016-12-15,59.12,59.3,58.78,58.81,873900
2016-12-16,59,59.27,58.63,58.93,710800
2016-12-19,58.85,59.93,58.72,59.77,793400
2016-12-20,60,60.54,59.77,60.29,393400
2016-12-21,60.13,60.23,59.81,60.06,428200
2016-12-22,60.09,60.09,59.45,59.73,531800
2016-12-23,59.87,59.93,59.41,59.79,437900
2016-12-27,59.9,60.05,59.71,59.91,334000
2016-12-28,60.39,60.59,60,60.2,620400
2016-12-29,60.25,60.69,60.09,60.3,579500
2016-12-30,60.2,60.26,59.36,59.96,430700
2017-01-03,59.8,60.25,59.6,60.06,508200
2017-01-04,60.1,60.87,59.98,60.01,1016200
2017-01-05,60.27,60.87,60.11,60.6,915900
2017-01-06,60.76,61.16,60.35,60.62,598000
2017-01-09,60.75,60.8,60.28,60.4,264500
2017-01-10,60.72,61.31,60.34,60.68,705200
2017-01-11,60.47,60.98,60.31,60.93,444900
2017-01-12,60.89,61,60.31,60.57,406800
2017-01-13,60.76,60.87,60.28,60.6,358100
2017-01-17,60.46,60.71,60.31,60.51,424600
2017-01-18,60.71,61.05,60.44,60.61,367700
2017-01-19,60.5,60.65,59.97,60.13,469800
2017-01-20,60.07,60.62,60.06,60.54,459500
2017-01-23,60.25,61.04,60.08,60.89,432400
2017-01-24,60.89,61.39,60.77,61.25,420000
2017-01-25,61.4,61.81,60.77,60.79,484500
2017-01-26,60.86,61.3,60.09,60.83,1001400
2017-01-27,60.79,60.9,60.3,60.5,264000
2017-01-30,60.4,60.53,59.46,59.65,695500
2017-01-31,59.69,59.8,59.42,59.58,396600
2017-02-01,59.59,60.4,59.39,60.35,724000
2017-02-02,60.56,60.73,60.17,60.52,717500
2017-02-03,60.59,60.78,60.24,60.69,368600
2017-02-06,60.54,60.82,60.32,60.57,1273300
2017-02-07,60.41,60.67,59.73,59.85,919400
2017-02-08,60.11,62.03,59.82,60.8,1807100
2017-02-09,60.97,61.44,60.3,60.48,589400
2017-02-10,60.52,60.79,60.27,60.5,416400
2017-02-13,60.73,61.02,60.07,60.29,400800
2017-02-14,60.22,60.96,60.03,60.91,1080500
2017-02-15,60.62,61.72,60.6,61.64,603700
2017-02-16,61.95,62.09,61.56,61.79,668700
2017-02-17,61.7,61.95,61.18,61.65,346600
2017-02-21,61.65,61.76,61.03,61.16,1034700
2017-02-22,62,62.63,58.65,59.08,1807500
2017-02-23,59.69,59.78,58.82,59.36,1137300
2017-02-24,59.32,59.46,57.9,59.34,1351300
2017-02-27,58.66,60.17,58.43,60.01,1445200
2017-02-28,60.03,60.97,59.99,60.61,1119800
2017-03-01,61.19,61.2,59.52,59.85,1062000
2017-03-02,59.65,60.16,59.32,59.78,601700
2017-03-03,59.79,59.79,58.68,59.15,1629100
2017-03-06,59.01,59.99,58.67,59.84,1025400
2017-03-07,59.64,59.97,59.1,59.13,542000
2017-03-08,59.42,59.75,58.93,59.21,467600
2017-03-09,59.36,59.63,59.06,59.3,407100
2017-03-10,59.47,59.84,59.24,59.7,366000
2017-03-13,59.91,60.57,59.17,59.22,721000
2017-03-14,59.12,59.36,58.72,58.94,340400
2017-03-15,59.03,59.19,58.71,59.04,321900
2017-03-16,59.04,59.08,58.46,58.94,314900
2017-03-17,58.8,59.38,58.65,59.38,636100
2017-03-20,59.38,59.41,58.22,58.52,412000
2017-03-21,58.64,58.78,57.61,57.76,751300
2017-03-22,57.8,57.8,57.05,57.58,486600
2017-03-23,57.54,57.82,57.34,57.65,465000
2017-03-24,58,59.04,57.89,58.61,571100
2017-03-27,58.26,58.62,57.68,58.52,424200
2017-03-28,58.59,58.86,57.96,58.29,409300
2017-03-29,58.3,58.58,57.78,58.52,412500
2017-03-30,58.86,59.82,58.72,59.7,756200
2017-03-31,59.75,59.8,59.26,59.49,682300
2017-04-03,59.43,59.43,58.78,58.93,768900
2017-04-04,58.69,58.71,58.19,58.32,507200
2017-04-05,58.54,58.69,57.38,57.59,798900
2017-04-06,57.07,57.97,57.01,57.75,740400
2017-04-07,57.71,57.99,57.23,57.53,520300
2017-04-10,57.47,57.83,57.29,57.46,503000
2017-04-11,57.35,57.79,57.16,57.78,566500
2017-04-12,57.72,58.19,57.25,57.6,633900
2017-04-13,57.89,58.64,57.48,58.01,881900
2017-04-17,58.03,59.97,57.76,59.8,1235500
2017-04-18,59.7,59.86,59.33,59.62,666200
2017-04-19,59.68,60.78,59.47,60.28,979600
2017-04-20,60.38,61.53,60.38,61.14,735700
2017-04-21,61.71,62.13,61.35,61.57,893600
2017-04-24,61.85,62.19,61.63,61.91,969800
2017-04-25,62.16,62.24,61.44,61.57,1056500
2017-04-26,62,65.19,61.26,64.88,2276600
2017-04-27,65,65,62.82,62.87,1726500
2017-04-28,62.91,62.96,62,62.61,1635700
2017-05-01,62.95,63.28,61.96,62.05,1008900
2017-05-02,62.05,62.08,61.33,61.8,1023600
2017-05-03,61.81,62,61.4,61.74,574500
2017-05-04,61.82,63.48,61.77,63.46,774300
2017-05-05,63.47,63.93,63.42,63.52,592200
2017-05-08,63.39,63.45,62.6,62.78,393000
2017-05-09,62.83,62.96,62.45,62.72,554900
2017-05-10,62.59,62.86,62.22,62.66,865400
2017-05-11,62.65,62.87,61.71,62.63,512100
2017-05-12,62.42,62.52,61.75,61.99,714000
2017-05-15,62.14,62.25,61.88,61.92,590200
2017-05-16,61.86,62.35,61.77,62,1115900
2017-05-17,61.75,61.95,60.82,61.26,614400
2017-05-18,61.26,61.95,61.03,61.74,1221800
2017-05-19,61.91,61.94,61.21,61.44,719200
2017-05-22,61.51,61.86,61.35,61.78,537700
2017-05-23,61.08,61.54,61.08,61.3,463200
2017-05-24,61.43,61.91,60.96,61.84,403200
2017-05-25,61.88,61.88,61.03,61.03,564100
2017-05-26,60.98,61.11,60.47,60.85,580200
2017-05-30,60.93,61.42,60.77,60.88,464400
2017-05-31,60.98,61.12,59.91,60.38,793000
2017-06-01,60.47,60.77,60.16,60.23,672800
2017-06-02,60.43,60.71,59.54,59.84,597900
2017-06-05,59.82,59.82,57.95,58.22,1516300
2017-06-06,58.07,58.74,57.6,58.34,1191300
2017-06-07,58.53,59.77,58.38,59.65,1176300
2017-06-08,59.7,61.61,59.41,61.01,1706200
2017-06-09,61.04,61.43,60.47,60.5,1201600
2017-06-12,60.38,60.73,59.91,60.03,862000
2017-06-13,60.25,60.3,59.12,59.55,940900
2017-06-14,59.66,60.05,59.38,59.65,658000
2017-06-15,59.48,59.54,58.48,58.55,696100
2017-06-16,58.5,58.67,58.26,58.43,1040300
2017-06-19,58.54,58.66,57.9,58.23,1297800
2017-06-20,58.12,58.37,57.14,57.77,1708600
2017-06-21,57.86,59.94,57.86,59.53,1303000
2017-06-22,59.5,61.71,59.18,60.8,1908800
2017-06-23,60.71,60.71,59.93,60.06,749500
2017-06-26,60.16,60.19,59.19,60.08,990200
2017-06-27,60,60.69,59.66,60.5,870700
2017-06-28,60.75,61.78,60.62,61.26,932000
2017-06-29,61.22,61.34,60.16,60.44,965900
2017-06-30,60.55,60.57,59.12,59.61,909200
2017-07-03,59.75,60.35,59.34,59.56,426500
2017-07-05,59.56,59.67,58.28,58.55,960600
2017-07-06,58.31,58.5,57.65,57.68,840400
2017-07-07,57.79,57.79,56.87,57.41,1557500
2017-07-10,57.46,57.81,57.18,57.7,986100
2017-07-11,57.69,58.41,57.24,58.23,969400
2017-07-12,58.5,59.99,58.36,59.51,1205300
2017-07-13,59.48,59.73,58.68,59.61,787200
2017-07-14,59.54,59.58,58.59,58.64,1205700
2017-07-17,58.67,59.63,58.15,59.05,834900
2017-07-18,59.25,59.25,55.59,57.01,4393700
2017-07-19,57.01,57.46,55.96,57.29,2261400
2017-07-20,57.4,57.4,55.77,56.28,1420300
2017-07-21,56.56,56.71,55.39,55.87,1440900
2017-07-24,55.9,56.27,55.54,55.62,1373800
2017-07-25,55.73,56.12,54.67,55.79,2313700
2017-07-26,55.23,59.98,55.11,59.23,6233400
2017-07-27,57.94,58.47,56.69,56.99,3146200
2017-07-28,56.78,58.43,56.78,57.99,1796500
2017-07-31,58.04,58.305,56.351,56.87,1313400
2017-08-01,57.23,57.74,56.68,56.86,1102300
2017-08-02,56.86,56.86,55.015,55.31,1300200
2017-08-03,55.4,55.78,54.96,55.6,878000
2017-08-04,55.7,56.52,55.37,56.28,610500
2017-08-07,56.37,56.68,55.28,55.33,900000
2017-08-08,55.15,56.17,54.6,55.37,1124100
2017-08-09,55.22,55.365,54.47,54.6,1458600
2017-08-10,54.4,54.85,54.19,54.51,871600
2017-08-11,54.26,54.99,54.15,54.32,1085200
2017-08-14,54.62,54.98,53.8,53.81,1383800
2017-08-15,53.93,54.28,53.39,53.8,1381200
2017-08-16,53.54,54.62,53.43,54.42,1109200
2017-08-17,54.46,55.18,54.11,54.75,882400
2017-08-18,54.66,54.86,53.39,53.89,1121900
2017-08-21,53.85,53.85,52.05,53.23,1572900
2017-08-22,53.29,53.42,52.795,53.22,833700
2017-08-23,53.1,53.16,51.73,52.28,1392800
2017-08-24,52.39,53.15,52,52.8,1110700
2017-08-25,52.85,53.23,52.25,53.07,855800
2017-08-28,53.19,53.19,51.68,51.9,1179600
2017-08-29,51.28,52.63,51.25,52.38,980800
2017-08-30,52.78,53.59,52.47,53.12,940700
2017-08-31,53.74,55.26,53.6,54.57,1910300
2017-09-01,54.28,54.65,53.47,53.62,1430100
2017-09-05,53.47,53.74,52.73,53.23,1099700
2017-09-06,53.21,53.92,52.85,53.6,987200
2017-09-07,53.55,53.61,51.98,52.1,1138400
2017-09-08,52.16,52.75,51.65,52.67,751200
2017-09-11,52.75,55.15,52.64,55.14,1479000
2017-09-12,55.14,55.31,54.77,55.29,1029100
2017-09-13,55.2,56.5,55.17,56.14,1449200
2017-09-14,55.94,57.49,55.46,57.4,1860300
2017-09-15,57.32,57.67,56.83,57.61,1784400
2017-09-18,57.61,58.37,56.38,57.07,1786000
2017-09-19,57.29,57.57,56.72,56.75,832400
2017-09-20,56.9,56.93,56.01,56.75,846200
2017-09-21,56.76,57.91,56.59,57.82,623000
2017-09-22,57.93,59.33,57.93,58.96,1412200
2017-09-25,58,58.53,57.5,57.77,1694400
2017-09-26,57.82,58.75,57.76,58.02,780600
2017-09-27,59.88,61.19,59.79,59.93,4939300
2017-09-28,59.93,61.14,59.51,60.88,3092400
2017-09-29,61,61.66,60.11,60.94,13781800
2017-10-02,60.48,60.91,60.37,60.67,1380300
2017-10-03,60.53,61.13,60.39,61.07,1079700
2017-10-04,61.12,62.11,61.12,61.83,1134900
2017-10-05,61.62,62.25,61.05,61.23,1105100
2017-10-06,61,61.17,59.935,60.17,1645500
2017-10-09,60.17,61.42,60.095,61.28,924700
2017-10-10,61.63,62.16,60.73,60.92,1050700
2017-10-11,60.79,61.55,60.79,61.15,918800
2017-10-12,61,61.9,60.79,61.37,811100
2017-10-13,61.36,62.5,61.25,61.97,1203800
2017-10-16,61.7,62.355,61.12,61.51,1378300
2017-10-17,61.11,61.33,59.61,59.9,2217900
2017-10-18,59.88,60.955,59.73,60.36,1555300
2017-10-19,60.17,61.19,59.76,60.65,770700
2017-10-20,60.98,61.3,60.44,60.82,976800
2017-10-23,61.05,61.745,60.84,61.27,1168200
2017-10-24,61.45,62.28,61.45,62.09,1801100
2017-10-25,59.17,60.85,58.76,60.7,2779700
2017-10-26,62.01,64.07,61.46,62.63,2921100
2017-10-27,62.59,63.16,62.035,62.72,1395000
2017-10-30,62.61,62.66,61.55,62,1463300
2017-10-31,62,63.08,61.88,62.79,1025100
2017-11-01,63.11,63.43,62.67,63.09,923200
2017-11-02,62.95,64.62,62.95,64.24,1025000
2017-11-03,64.25,64.58,63.5,63.8,756700
2017-11-06,63.93,64.83,63.93,63.95,937200
2017-11-07,64.18,64.57,63.92,64.28,1037100
2017-11-08,64.3,64.96,64.28,64.72,546800
2017-11-09,64.74,65.24,64.73,65.1,611400
2017-11-10,65.25,65.75,64.64,64.68,763600
2017-11-13,64.25,65.04,64.11,64.73,821900
2017-11-14,64.73,65.35,64.28,65.27,573800
2017-11-15,65.14,65.15,64.54,64.66,472700
2017-11-16,64.8,65.34,64.69,64.96,603800
2017-11-17,64.74,65.6,64.6,65.49,927600
2017-11-20,65.72,65.72,64.06,64.19,655000
2017-11-21,64.16,64.78,64.08,64.51,638700
2017-11-22,64.28,65.41,64.08,64.59,986400
2017-11-24,64.71,65.18,64.25,65.1,262500
2017-11-27,65.08,65.65,64.37,64.4,785600
2017-11-28,64.44,64.44,63.65,63.83,1423400
2017-11-29,63.06,64.53,63.06,64.16,813600
2017-11-30,64.23,65.46,63.97,65.42,591200
2017-12-01,65.67,66.2,65.17,65.82,652400
2017-12-04,66.09,66.55,65.54,65.58,852000
2017-12-05,65.84,66.35,65.63,66.13,716600
2017-12-06,66.25,66.645,66.01,66.11,715600
2017-12-07,66.05,66.48,64.96,65.19,1043800
2017-12-08,65.54,66.28,65.19,65.29,881200
2017-12-11,65.3,66.46,65.29,66.37,1217600
2017-12-12,66.47,66.47,65.37,65.5,874100
2017-12-13,65.82,65.96,65.35,65.47,755000
2017-12-14,65.61,66.43,65.54,65.7,655500
2017-12-15,65.88,67.25,65.88,66.9,1301400
2017-12-18,67.39,67.65,66.83,67.51,698200
2017-12-19,67.56,67.775,66.23,66.25,1581900
2017-12-20,66.66,67.23,66.17,67.06,872300
2017-12-21,66.99,67.71,66.65,67.35,889100
2017-12-22,67.27,67.77,67.25,67.52,431700
2017-12-26,67.69,67.935,66.96,67.58,732700
2017-12-27,67.58,67.79,67.2,67.33,367900
2017-12-28,67.55,67.77,66.67,66.95,436000
2017-12-29,67.05,67.57,66.54,66.57,629000
2018-01-02,67,67.35,65.96,66.84,855000
2018-01-03,66.84,67.15,65.32,65.53,570900
2018-01-04,65.86,65.92,64.86,65.08,829900
2018-01-05,65.55,65.93,65.25,65.7,761800
2018-01-08,65.96,66.54,65.25,66.02,936600
2018-01-09,66.26,66.57,65.66,65.89,575400
2018-01-10,65.67,65.83,64.72,65.74,678400
2018-01-11,65.81,67.34,65.75,67.18,706300
2018-01-12,67.27,68.07,67.05,67.97,743000
2018-01-16,68.66,69,66.85,66.97,846300
2018-01-17,67.17,67.88,66.96,67.29,460700
2018-01-18,67.4,67.93,67.11,67.25,696000
2018-01-19,67.26,68,67.2,67.87,485600
2018-01-22,68.12,68.57,67.79,68,763100
2018-01-23,67.91,68.44,67.65,67.81,615000
2018-01-24,67.99,69.35,67.84,69.2,725300
2018-01-25,69.33,69.99,69.02,69.55,559700
2018-01-26,69.5,69.5,68.02,68.74,1044100
2018-01-29,68.37,68.41,67.77,67.91,572800
2018-01-30,67.74,68.14,67.2,67.42,1819700
2018-01-31,67.72,68.04,67.1,67.56,715300
2018-02-01,67.51,68.55,67.24,68.06,770700
2018-02-02,67.95,67.95,65.99,66.2,762200
2018-02-05,65.76,66.57,64.44,64.62,709900
2018-02-06,63.37,65.52,62.26,65.02,1119100
2018-02-07,65.07,66.03,64.9,65,638900
2018-02-08,65.14,65.14,63.85,64,792900
2018-02-09,64.73,66.28,63.42,66.04,1140800
2018-02-12,66.21,66.38,65.02,65.78,793500
2018-02-13,65.51,65.75,64.99,65.41,786300
2018-02-14,65.22,67.52,64.82,67.43,1196100
2018-02-15,66.74,68.4,66.71,68.35,1090600
2018-02-16,68.6,70.44,68.6,69.38,1794700
2018-02-20,68.95,68.95,65.98,66.18,2298600
2018-02-21,66.57,67.34,65.53,66.74,788400
2018-02-22,66.86,67.16,65.09,65.45,1162600
2018-02-23,65.85,66.9,65.785,66.89,541200
2018-02-26,66.95,67.05,66.32,66.73,634500
2018-02-27,66.9,67.02,64.95,64.97,988100
2018-02-28,65.31,65.52,64.08,64.09,651400
2018-03-01,64.09,64.65,62.78,63.25,737700
2018-03-02,62.66,64.23,62.51,64.15,490900
2018-03-05,63.99,64.73,63.91,64.62,721000
2018-03-06,64.77,65.19,63.14,63.93,939000
2018-03-07,63.52,64.53,63.475,64.48,880500
2018-03-08,64.86,65.16,63.5,64.15,673700
2018-03-09,64.44,64.53,63.15,64.41,952100
2018-03-12,64.56,64.83,63.17,63.83,950300
2018-03-13,64.01,64.7,62.92,63.05,892300
2018-03-14,63.39,63.86,62.955,63.62,640700
2018-03-15,63.69,64.01,62.18,62.33,943900
2018-03-16,62.4,62.83,61.84,62.2,1413900
2018-03-19,61.85,62.03,60.69,61.21,1791600
2018-03-20,61.28,61.48,60.36,60.48,1059900
2018-03-21,60.38,61.4,60.38,61.06,739500
2018-03-22,60.63,61.68,60.08,60.08,648900
2018-03-23,60.26,61.13,59.5,59.5,1156000
2018-03-26,60.19,61.08,59.79,60.67,1318800
2018-03-27,60.92,60.92,60.09,60.31,887500
2018-03-28,60.45,62.42,60.45,61.57,1108100
2018-03-29,61.71,62.64,61.71,62.26,823500
2018-04-02,62.25,62.25,59.57,60.17,884300
2018-04-03,60.43,61.02,60.145,60.98,724400
2018-04-04,60.26,61.74,60.26,61.55,449800
2018-04-05,61.73,63.28,61.54,62.87,917900
2018-04-06,62.44,62.9,61.76,62.16,1322100
2018-04-09,62.46,62.63,61.2,61.24,713300
2018-04-10,62.08,62.61,61.835,62.15,750300
2018-04-11,61.88,62.2,61.62,61.93,681000
2018-04-12,62.14,62.3,61.41,61.99,811500
2018-04-13,62.28,62.39,61.54,61.7,654500
2018-04-16,62,62.11,61.06,61.22,1008000
2018-04-17,61.27,61.91,60.78,61.1,858000
2018-04-18,61.03,61.93,60.97,61.92,666200
2018-04-19,61.78,62.26,61.48,61.72,678100
2018-04-20,61.58,61.855,61.2,61.32,894900
2018-04-23,61.44,61.7,60.47,60.82,1198600
2018-04-24,60.88,61,58.93,59.16,1412500
2018-04-25,63.755,66.82,63.355,64.18,3808600
2018-04-26,64.7,65,63.3,64.01,1604900
2018-04-27,64.3,64.43,63.01,64,1487600
2018-04-30,64.37,64.37,63,63.24,1214100
2018-05-01,63,63.37,62.22,62.76,1012500
2018-05-02,62.91,63.8,62.6,63.48,881900
2018-05-03,63.2,63.52,62.4,62.47,870600
2018-05-04,62.44,63.24,62.03,63.08,906000
2018-05-07,63.18,63.39,62.46,62.61,781700
2018-05-08,62.45,63.21,61.4,62.04,689600
2018-05-09,62.01,62.19,60.92,61.04,745300
2018-05-10,61.33,61.98,61.265,61.92,655500
2018-05-11,62.15,62.45,61.76,62.21,599100
2018-05-14,62.26,63.21,62.13,62.99,987500
2018-05-15,62.91,63.73,62.71,63.32,1108000
2018-05-16,63.49,64.48,63.49,63.77,1286300
2018-05-17,63.87,64.36,63.74,64.26,1141200
2018-05-18,64.31,64.87,63.92,64.53,1414900
2018-05-21,64.69,64.92,63.92,64.21,1189600
2018-05-22,64.17,64.52,64,64.11,886700
2018-05-23,63.9,64.2,62.52,63.13,1136100
2018-05-24,63.07,63.83,62.59,63.8,1082700
2018-05-25,63.79,64.66,63.79,64.26,1645200
2018-05-29,63.95,64.6,63.52,64.45,1251600
2018-05-30,63.8,65,63.8,64.91,814000
2018-05-31,65.13,65.55,64.3,64.52,1112800
2018-06-01,64.88,66.41,64.545,66.23,1222400
2018-06-04,66.5,66.85,66.11,66.39,871400
2018-06-05,66.27,67.56,66.17,67.44,1376900
2018-06-06,67.76,69.99,67.5,69.74,1798000
2018-06-07,69.86,70.53,69.27,69.91,1003800
2018-06-08,69.99,70.78,69.63,70.67,985300
2018-06-11,70.95,71.41,70.575,71.16,1036300
2018-06-12,71.24,72.12,70.78,72.03,1254600
2018-06-13,72,72.5,71.46,71.49,1040400
2018-06-14,71.94,72.58,71.46,72.36,1238000
2018-06-15,71.67,72.68,71.58,72.43,1116600
2018-06-18,72.06,72.54,71.66,72.04,812800
2018-06-19,71.64,72,71,71.98,577300
2018-06-20,72.49,72.86,72.07,72.76,1590500
2018-06-21,72.8,73.05,72.03,72.2,691200
2018-06-22,72.73,73.38,72.545,72.7,953100
2018-06-25,72.3,72.375,70.85,71.18,804200
2018-06-26,71.45,71.75,70.58,71.54,528700
2018-06-27,71.61,72,70.98,70.98,527100
2018-06-28,71,71.76,70.65,71.05,582700
2018-06-29,71.08,71.57,69.48,70.05,1352400
2018-07-02,69.82,70.52,69.21,70.13,902600
2018-07-03,70.38,71.23,69.99,70.34,330800
2018-07-05,70.73,71.15,70.35,71.06,411800
2018-07-06,71,71.84,70.97,71.77,539300
2018-07-09,71.5,71.87,70,70.2,1152600
2018-07-10,69.95,70.44,69.01,69.24,806500
2018-07-11,66.28,68.41,64.37,68.31,1874900
2018-07-12,68.29,69.335,67.56,69.15,725000
2018-07-13,69.11,69.8,69.11,69.52,542400
2018-07-16,69.76,70,69.27,69.81,554900
2018-07-17,69.35,70.73,69.35,70.39,929000
2018-07-18,70.61,70.83,69.48,69.82,1202600
2018-07-19,69.6,71.26,69.49,71.01,1817800
2018-07-20,69.33,69.58,67.4,67.64,3422100
2018-07-23,67.8,67.96,66.69,67.36,1718300
2018-07-24,67.83,67.98,66,67.16,2151100
2018-07-25,70.85,71.77,66.43,67.25,3134000
2018-07-26,66.68,67.74,65.25,66.22,1782100
2018-07-27,66.25,66.25,64.91,65.09,1702500
2018-07-30,65.01,65.1,63.78,64.45,1281700
2018-07-31,64.51,65.76,64.28,64.95,1502200
2018-08-01,64.56,64.56,62.67,63.32,1691400
2018-08-02,63.22,64.73,63.22,64.47,909400
2018-08-03,64.86,65.47,64.35,64.7,879800
2018-08-06,64.7,65.76,64.7,65.66,777700
2018-08-07,65.67,66.45,65.67,66.24,876800
2018-08-08,66.15,66.65,65.85,65.95,880900
2018-08-09,66.13,66.47,65.86,65.94,814300
2018-08-10,66.03,66.475,65.775,66.14,790900
2018-08-13,66,66.75,65.56,66.35,565100
2018-08-14,66.48,67.47,66.42,67.16,720800
2018-08-15,66.87,67.18,66.32,66.98,591700
2018-08-16,66.95,67.67,66.87,67.19,474500
2018-08-17,67.2,67.66,66.92,67.46,595900
2018-08-20,67.63,67.9,66.71,66.85,513800
2018-08-21,67.12,67.45,66.7,67.05,658200
2018-08-22,66.8,67.08,65.11,65.19,1036300
2018-08-23,65,65.97,64.66,65.9,864300
2018-08-24,65.77,67.08,65.655,66.48,1239800
2018-08-27,66.85,67.19,65.15,65.21,795000
2018-08-28,65.21,65.93,64.63,65.68,1053500
2018-08-29,65.08,65.79,64.78,65.28,631000
2018-08-30,65.09,65.77,64.86,65.27,453500
2018-08-31,65.19,67.78,64.73,67.55,1388100
2018-09-04,67.47,68.58,67.17,68.39,1184200
2018-09-05,68.47,68.89,68.08,68.44,919900
2018-09-06,68.49,71.94,68.23,71.5,1629400
2018-09-07,71.39,72.39,70.81,71.81,1583000
2018-09-10,72.13,72.26,70.6,70.62,1506700
2018-09-11,70.25,70.415,68.3,69.78,1480500
2018-09-12,69.67,70.94,69.595,70.2,958600
2018-09-13,70.4,70.66,68.42,69.41,1536200
2018-09-14,69.1,69.4,67.96,68.41,1077600
2018-09-17,68.4,68.65,67.1,68.31,1248000
2018-09-18,68.21,69.24,67.84,67.94,1484900
2018-09-19,67.96,68.22,67.07,67.32,1045900
2018-09-20,67.34,67.93,66.58,67.5,1550000
2018-09-21,67.61,69.76,67.57,68.72,2603600
2018-09-24,68.77,69.33,68.17,69.04,1123700
2018-09-25,69.3,70.63,68.86,70.22,901500
2018-09-26,70.36,71.27,70.07,70.43,651800
2018-09-27,70.07,70.87,69.6,69.9,904200
2018-09-28,69.85,70.78,69.47,69.82,873000
2018-10-01,69.82,69.82,68.15,68.45,986500
2018-10-02,68.54,68.67,66.34,66.69,1597200
2018-10-03,66.71,67.57,66.37,66.87,955500
2018-10-04,66.81,67.25,65.97,67.13,965200
2018-10-05,67.28,67.71,65.98,66.72,1315100
2018-10-08,66.33,66.95,66.03,66.85,1096900
2018-10-09,66.88,67.36,66.23,66.29,862100
2018-10-10,66.22,67,65.88,66,1733300
2018-10-11,65.77,66.21,64.77,65.43,1546500
2018-10-12,66.1,66.66,65.26,66.19,899200
2018-10-15,66.15,67.4,66.14,67.15,899900
2018-10-16,67.38,69.31,67,69.24,1228100
2018-10-17,69.24,69.45,68.48,68.58,1205000
2018-10-18,68.35,69.19,67.255,67.58,1227100
2018-10-19,67.58,67.95,66.06,66.33,1572200
2018-10-22,66.33,67.37,65.5,65.57,1709800
2018-10-23,64.66,65.18,63.09,63.46,2297900
2018-10-24,58.69,58.79,53.29,53.3,5499700
2018-10-25,53.54,53.68,51.91,53.33,3004400
2018-10-26,53.3,55.14,53.02,54.19,2388500
2018-10-29,54.77,56.24,52.18,52.61,1611600
2018-10-30,52.88,53.64,52,53.56,1536300
2018-10-31,54.27,54.51,53.12,53.86,1592800
2018-11-01,53.96,56.52,53.87,55.98,2180400
2018-11-02,56.34,56.98,55.5,56.29,1169800
2018-11-05,56.31,56.89,55.615,56.49,1470200
2018-11-06,56.4,58.48,56.33,58.45,1121400
2018-11-07,58.61,58.96,57.32,58.35,1119200
2018-11-08,58,58.68,57.8,58.02,1537900
2018-11-09,58.02,58.29,56.91,57.17,2000200
2018-11-12,57.07,57.46,56.15,56.26,1167900
2018-11-13,56.25,57.35,56.19,56.8,1595400
2018-11-14,57.23,57.43,56.28,56.41,1342300
2018-11-15,56.47,59.42,56.25,58.84,1353000
2018-11-16,58.41,60.17,58.41,59.84,1237900
2018-11-19,59.68,60.51,59.05,59.8,1393900
2018-11-20,59.16,59.57,58.23,58.49,1593600
2018-11-21,58.71,60.25,58.69,59.82,640800
2018-11-23,59.5,60.72,59.43,60.39,327100
2018-11-26,61.04,61.04,60.28,60.83,790100
2018-11-27,60.71,61.65,60.385,61.63,726800
2018-11-28,60.81,61.65,60.23,61.54,694100